"","start","end","distance"
"1","0E9","19K",134
"2","00KS","19K",16
"3","00MO","19K",94
"4","01K","19K",176
"5","01KS","19K",114
"6","02KS","19K",74
"7","02MO","19K",167
"8","03B","19K",135
"9","03D","19K",149
"10","03MO","19K",87
"11","04MO","19K",150
"12","05KS","19K",111
"13","06IS","19K",187
"14","06MO","19K",30
"15","06SN","19K",145
"16","07KS","19K",127
"17","07MO","19K",46
"18","08K","19K",197
"19","08KS","19K",141
"20","08MO","19K",83
"21","09KS","19K",26
"22","09MO","19K",101
"23","0C1","19K",44
"24","0D6","19K",151
"25","0G3","19K",122
"26","0H7","19K",166
"27","0KS0","19K",63
"28","0KS1","19K",44
"29","0KS2","19K",36
"30","0KS3","19K",39
"31","0KS4","19K",48
"32","0KS6","19K",151
"33","0KS7","19K",169
"34","0KS8","19K",91
"35","0KS9","19K",133
"36","0L8","19K",19
"37","0MO0","19K",41
"38","0MO1","19K",27
"39","0MO2","19K",189
"40","0MO3","19K",20
"41","0MO5","19K",142
"42","0MO6","19K",135
"43","0MO8","19K",182
"44","0MU0","19K",189
"45","0MU1","19K",93
"46","0MU4","19K",95
"47","0MU7","19K",22
"48","0N0","19K",32
"49","0NE6","19K",190
"50","0R2","19K",63
"51","10MO","19K",135
"52","11KS","19K",34
"53","11MO","19K",139
"54","12K","19K",179
"55","12KS","19K",146
"56","12MO","19K",48
"57","13IS","19K",189
"58","13K","19K",97
"59","13KS","19K",135
"60","13MO","19K",151
"61","14KS","19K",33
"62","14MO","19K",21
"63","15KS","19K",73
"64","15MO","19K",135
"65","16MO","19K",163
"66","16NE","19K",139
"67","17KS","19K",54
"68","17MO","19K",144
"69","18KS","19K",146
"70","18MO","19K",127
"71","18NE","19K",175
"72","19K","19T",95
"73","19K","1H3",132
"74","19K","1H5",164
"75","19K","1K1",133
"76","19K","1K3",145
"77","19K","1K7",93
"78","19K","1KS0",163
"79","19K","1KS1",35
"80","19K","1KS2",40
"81","19K","1KS3",106
"82","19K","1KS5",74
"83","19K","1KS6",138
"84","19K","1KS9",24
"85","19K","1LL3",177
"86","19K","1MO",146
"87","19K","1MO2",14
"88","19K","1MO3",74
"89","19K","1MO4",75
"90","19K","1MO6",217
"91","19K","1MO7",154
"92","19K","1MO8",90
"93","19K","1MO9",85
"94","19K","1MU0",108
"95","19K","1MU2",41
"96","19K","1MU4",39
"97","19K","1MU6",83
"98","19K","1MU8",51
"99","19K","1Y3",117
"100","19K","20KS",127
"101","19K","20MO",38
"102","19K","21MO",48
"103","19K","21NE",166
"104","19K","22IS",201
"105","19K","22MO",139
"106","19K","22NE",175
"107","19K","23IS",198
"108","19K","23KS",25
"109","19K","23MO",33
"110","19K","24KS",162
"111","19K","24MO",91
"112","19K","25MO",95
"113","19K","27MO",96
"114","19K","28KS",30
"115","19K","28MO",60
"116","19K","29KS",115
"117","19K","29MO",35
"118","19K","2H2",116
"119","19K","2IL4",189
"120","19K","2IL6",187
"121","19K","2K2",121
"122","19K","2K6",115
"123","19K","2K7",94
"124","19K","2K8",175
"125","19K","2KS0",117
"126","19K","2KS1",68
"127","19K","2KS2",104
"128","19K","2KS3",183
"129","19K","2KS4",190
"130","19K","2KS8",180
"131","19K","2KS9",47
"132","19K","2M1",28
"133","19K","2M5",77
"134","19K","2MO",107
"135","19K","2MO0",34
"136","19K","2MO1",103
"137","19K","2MO2",44
"138","19K","2MO4",44
"139","19K","2MO5",140
"140","19K","2MO6",134
"141","19K","2MO7",164
"142","19K","2MO8",98
"143","19K","2MO9",13
"144","19K","30KS",153
"145","19K","30MO",120
"146","19K","31KS",164
"147","19K","31MO",81
"148","19K","32IS",185
"149","19K","33KS",53
"150","19K","33MO",94
"151","19K","35KS",149
"152","19K","36KS",85
"153","19K","36MO",149
"154","19K","37KS",113
"155","19K","37MO",52
"156","19K","37NE",136
"157","19K","38IS",185
"158","19K","38K",185
"159","19K","38KS",140
"160","19K","38MO",177
"161","19K","38NE",192
"162","19K","39K",52
"163","19K","39KS",34
"164","19K","39MO",119
"165","19K","3AU",135
"166","19K","3DW",112
"167","19K","3EX",39
"168","19K","3GN",128
"169","19K","3GV",23
"170","19K","3IP",21
"171","19K","3IS2",216
"172","19K","3JC",107
"173","19K","3K5",167
"174","19K","3KS1",59
"175","19K","3KS3",148
"176","19K","3KS5",142
"177","19K","3KS7",142
"178","19K","3KS8",97
"179","19K","3MO",62
"180","19K","3MO2",153
"181","19K","3MO5",100
"182","19K","3MO6",34
"183","19K","3MO7",79
"184","19K","3MO8",76
"185","19K","3OL8",116
"186","19K","3VS",83
"187","19K","40KS",43
"188","19K","40MO",41
"189","19K","41MO",99
"190","19K","42KS",178
"191","19K","43K",116
"192","19K","43KS",88
"193","19K","43MO",10
"194","19K","44IS",174
"195","19K","44KS",140
"196","19K","44MO",57
"197","19K","45K",148
"198","19K","45KS",120
"199","19K","45MO",185
"200","19K","45OK",121
"201","19K","46KS",143
"202","19K","46MO",186
"203","19K","47K",141
"204","19K","47KS",32
"205","19K","47MO",65
"206","19K","48KS",133
"207","19K","49K",173
"208","19K","49KS",101
"209","19K","4H8",173
"210","19K","4K3",41
"211","19K","4K6",154
"212","19K","4K8",162
"213","19K","4KS1",21
"214","19K","4KS2",23
"215","19K","4KS6",70
"216","19K","4KS7",138
"217","19K","4LL5",166
"218","19K","4MO",149
"219","19K","4MO0",25
"220","19K","4MO1",18
"221","19K","4MO2",146
"222","19K","4MO3",122
"223","19K","4MO4",29
"224","19K","4MO5",89
"225","19K","4MO6",167
"226","19K","4MO7",88
"227","19K","4MO8",30
"228","19K","4MO9",24
"229","19K","4O5",215
"230","19K","50K",110
"231","19K","51IS",189
"232","19K","51K",17
"233","19K","51KS",124
"234","19K","52K",86
"235","19K","52KS",27
"236","19K","53K",58
"237","19K","53KS",140
"238","19K","54KS",25
"239","19K","54MO",132
"240","19K","55K",149
"241","19K","55MO",156
"242","19K","56M",64
"243","19K","56MO",112
"244","19K","57K",39
"245","19K","58KS",147
"246","19K","59KS",30
"247","19K","5IS9",189
"248","19K","5K4",203
"249","19K","5KS1",39
"250","19K","5KS3",185
"251","19K","5LL6",184
"252","19K","5MO",50
"253","19K","5MO1",110
"254","19K","5MO3",113
"255","19K","5MO6",42
"256","19K","5MO9",108
"257","19K","5NE2",98
"258","19K","60KS",137
"259","19K","61K",123
"260","19K","61KS",64
"261","19K","61MO",125
"262","19K","62K",96
"263","19K","62MO",25
"264","19K","63K",3
"265","19K","63KS",120
"266","19K","63M",145
"267","19K","64MO",57
"268","19K","66KS",114
"269","19K","66MO",171
"270","19K","67MO",81
"271","19K","68KS",15
"272","19K","69IS",187
"273","19K","69K",82
"274","19K","69KS",9
"275","19K","69MO",105
"276","19K","6K1",96
"277","19K","6K2",134
"278","19K","6K9",170
"279","19K","6KS5",33
"280","19K","6KS6",213
"281","19K","6KS7",197
"282","19K","6KS8",77
"283","19K","6M6",158
"284","19K","6MO0",177
"285","19K","6MO1",75
"286","19K","6MO3",144
"287","19K","6MO4",58
"288","19K","6MO6",147
"289","19K","6MO7",124
"290","19K","6MO8",125
"291","19K","6MO9",7
"292","19K","6OK6",175
"293","19K","70K",147
"294","19K","70MO",95
"295","19K","70OK",117
"296","19K","71K",148
"297","19K","71KS",39
"298","19K","71MO",64
"299","19K","72K",148
"300","19K","72KS",33
"301","19K","73MU",123
"302","19K","74KS",58
"303","19K","74MU",163
"304","19K","75K",94
"305","19K","75U",64
"306","19K","76MO",114
"307","19K","77KS",137
"308","19K","77MO",108
"309","19K","77Y",104
"310","19K","78KS",105
"311","19K","78MO",154
"312","19K","78MU",90
"313","19K","78Y",95
"314","19K","79MU",34
"315","19K","7K6",189
"316","19K","7KS0",46
"317","19K","7KS2",42
"318","19K","7KS3",74
"319","19K","7KS4",65
"320","19K","7KS5",68
"321","19K","7KS6",12
"322","19K","7KS9",149
"323","19K","7L7",89
"324","19K","7MO",109
"325","19K","7MO1",141
"326","19K","7MO2",148
"327","19K","7MO4",41
"328","19K","7MO5",36
"329","19K","7MO6",43
"330","19K","7MO7",49
"331","19K","7MO8",46
"332","19K","7MO9",137
"333","19K","7NE0",154
"334","19K","7V7",200
"335","19K","80MO",101
"336","19K","80NE",177
"337","19K","83KS",85
"338","19K","83MU",121
"339","19K","85MO",120
"340","19K","85NE",173
"341","19K","86KS",12
"342","19K","87IS",166
"343","19K","87K",61
"344","19K","87KS",180
"345","19K","87MO",16
"346","19K","88IS",167
"347","19K","88NE",118
"348","19K","89K",50
"349","19K","89MO",11
"350","19K","8K2",187
"351","19K","8K5",78
"352","19K","8K6",185
"353","19K","8KS1",30
"354","19K","8KS2",92
"355","19K","8KS3",77
"356","19K","8KS5",93
"357","19K","8KS7",3
"358","19K","8KS8",114
"359","19K","8KS9",44
"360","19K","8MO3",45
"361","19K","8MO4",178
"362","19K","8MO5",64
"363","19K","8MO7",48
"364","19K","8MO8",116
"365","19K","8OK7",190
"366","19K","8WC",189
"367","19K","90KS",49
"368","19K","93MO",100
"369","19K","94MO",174
"370","19K","95MO",141
"371","19K","97KS",8
"372","19K","97MO",96
"373","19K","98MO",171
"374","19K","98Y",200
"375","19K","9IS0",185
"376","19K","9K0",96
"377","19K","9K3",187
"378","19K","9K4",37
"379","19K","9K5",76
"380","19K","9K6",119
"381","19K","9K7",171
"382","19K","9K8",180
"383","19K","9K9",119
"384","19K","9KS1",24
"385","19K","9KS4",183
"386","19K","9KS5",165
"387","19K","9KS7",50
"388","19K","9KS9",142
"389","19K","9LL0",169
"390","19K","9MO3",54
"391","19K","9MO4",74
"392","19K","9MO5",124
"393","19K","9MO6",83
"394","19K","9MO9",78
"395","19K","9NE2",172
"396","19K","9NE9",163
"397","19K","C10",210
"398","19K","H17",97
"399","19K","H19",161
"400","19K","H20",98
"401","19K","H21",101
"402","19K","H41",132
"403","19K","H57",197
"404","19K","H58",129
"405","19K","H79",98
"406","19K","I48",187
"407","19K","I63",191
"408","19K","IA44",117
"409","19K","IA59",176
"410","19K","IA65",180
"411","19K","IA76",131
"412","19K","IL46",194
"413","19K","IL52",189
"414","19K","IL53",192
"415","19K","IL84",194
"416","19K","IS45",168
"417","19K","IS51",187
"418","19K","IS55",201
"419","19K","IS56",189
"420","19K","IS66",191
"421","19K","K01",112
"422","19K","K07",140
"423","19K","K15",98
"424","19K","K19",90
"425","19K","K26",61
"426","19K","K32",147
"427","19K","K33",157
"428","19K","K34",17
"429","19K","K38",128
"430","19K","K39",172
"431","19K","K43",129
"432","19K","K47",18
"433","19K","K50",142
"434","19K","K51",208
"435","19K","K52",143
"436","19K","K57",107
"437","19K","K59",56
"438","19K","K61",171
"439","19K","K63",93
"440","19K","K64",28
"441","19K","K67",99
"442","19K","K68",42
"443","19K","K71",169
"444","19K","K78",124
"445","19K","K81",21
"446","19K","K83",88
"447","19K","K87",80
"448","19K","K88",66
"449","19K","K89",115
"450","19K","K91",70
"451","19K","K97",182
"452","19K","KAAO",139
"453","19K","KAFK",125
"454","19K","KAIZ",104
"455","19K","KANY",192
"456","19K","KAOV",141
"457","19K","KBEC",140
"458","19K","KBIE",136
"459","19K","KBUM",31
"460","19K","KBZK",91
"461","19K","KCEA",143
"462","19K","KCEK",155
"463","19K","KCFV",111
"464","19K","KCHT",79
"465","19K","KCNK",151
"466","19K","KCNU",78
"467","19K","KCOU",111
"468","19K","KCYW",126
"469","19K","KDMO",66
"470","19K","KEGT",158
"471","19K","KEMP",80
"472","19K","KEOK",178
"473","19K","KEOS",118
"474","19K","KEQA",121
"475","19K","KEVU",96
"476","19K","KEWK",134
"477","19K","KEZZ",59
"478","19K","KFBY",147
"479","19K","KFLV",39
"480","19K","KFMZ",176
"481","19K","KFNB",91
"482","19K","KFOE",52
"483","19K","KFRI",103
"484","19K","KFSK",59
"485","19K","KFSW",189
"486","19K","KFTT",121
"487","19K","KGLY",49
"488","19K","KGPH",36
"489","19K","KGVW",5
"490","19K","KHAE",157
"491","19K","KHIG",46
"492","19K","KHJH",162
"493","19K","KHRU",104
"494","19K","KHSI",209
"495","19K","KHUT",160
"496","19K","KIAB",144
"497","19K","KICL",119
"498","19K","KICT",150
"499","19K","KIDP",112
"500","19K","KIRK",124
"501","19K","KIXD",15
"502","19K","KJEF",115
"503","19K","KJLN",97
"504","19K","KLBO",113
"505","19K","KLLU",78
"506","19K","KLWC",33
"507","19K","KLWD",116
"508","19K","KLXT",15
"509","19K","KLYO",173
"510","19K","KMBY",109
"511","19K","KMCI",32
"512","19K","KMHK",100
"513","19K","KMHL",68
"514","19K","KMIO",112
"515","19K","KMKC",21
"516","19K","KMNF",173
"517","19K","KMPR",148
"518","19K","KMQB",210
"519","19K","KMYZ",115
"520","19K","KNVD",56
"521","19K","KOJC",9
"522","19K","KOWI",34
"523","19K","KPPF",96
"524","19K","KPPQ",185
"525","19K","KPTS",79
"526","19K","KRPB",156
"527","19K","KSDA",125
"528","19K","KSGF",108
"529","19K","KSLN",144
"530","19K","KSTJ",62
"531","19K","KSUS",185
"532","19K","KSZL",49
"533","19K","KTBN",131
"534","19K","KTKO",180
"535","19K","KTOP",52
"536","19K","KTRX",92
"537","19K","KTVB",154
"538","19K","KTVK",139
"539","19K","KUBX",155
"540","19K","KUIN",173
"541","19K","KUKL",60
"542","19K","KUNO",171
"543","19K","KUUV",164
"544","19K","KVER",90
"545","19K","KVIH",138
"546","19K","KWLD",151
"547","19K","M17",91
"548","19K","M48",151
"549","19K","M58",115
"550","19K","M66",126
"551","19K","M71",170
"552","19K","MO01",115
"553","19K","MO02",146
"554","19K","MO04",140
"555","19K","MO07",154
"556","19K","MO08",59
"557","19K","MO09",147
"558","19K","MO1",116
"559","19K","MO10",112
"560","19K","MO11",145
"561","19K","MO13",101
"562","19K","MO14",160
"563","19K","MO15",113
"564","19K","MO16",98
"565","19K","MO17",114
"566","19K","MO18",19
"567","19K","MO2",117
"568","19K","MO22",115
"569","19K","MO23",97
"570","19K","MO24",90
"571","19K","MO25",81
"572","19K","MO26",39
"573","19K","MO27",61
"574","19K","MO29",12
"575","19K","MO3",76
"576","19K","MO31",126
"577","19K","MO33",99
"578","19K","MO34",95
"579","19K","MO35",174
"580","19K","MO36",172
"581","19K","MO37",10
"582","19K","MO39",167
"583","19K","MO42",151
"584","19K","MO43",148
"585","19K","MO45",142
"586","19K","MO46",166
"587","19K","MO49",108
"588","19K","MO5",200
"589","19K","MO51",41
"590","19K","MO52",78
"591","19K","MO53",93
"592","19K","MO59",173
"593","19K","MO6",169
"594","19K","MO60",12
"595","19K","MO62",105
"596","19K","MO66",118
"597","19K","MO68",108
"598","19K","MO71",42
"599","19K","MO72",205
"600","19K","MO74",114
"601","19K","MO75",37
"602","19K","MO76",100
"603","19K","MO77",145
"604","19K","MO78",135
"605","19K","MO79",194
"606","19K","MO8",95
"607","19K","MO80",144
"608","19K","MO81",199
"609","19K","MO82",153
"610","19K","MO83",117
"611","19K","MO84",175
"612","19K","MO85",123
"613","19K","MO86",154
"614","19K","MO87",23
"615","19K","MO88",122
"616","19K","MO89",89
"617","19K","MO9",208
"618","19K","MO93",103
"619","19K","MO94",44
"620","19K","MO95",59
"621","19K","MO96",190
"622","19K","MO98",3
"623","19K","MO99",81
"624","19K","MU00",130
"625","19K","MU02",163
"626","19K","MU03",25
"627","19K","MU07",26
"628","19K","MU09",104
"629","19K","MU11",81
"630","19K","MU12",117
"631","19K","MU13",113
"632","19K","MU16",83
"633","19K","MU17",112
"634","19K","MU18",161
"635","19K","MU19",92
"636","19K","MU20",31
"637","19K","MU21",145
"638","19K","MU23",104
"639","19K","MU25",148
"640","19K","MU27",84
"641","19K","MU32",101
"642","19K","MU33",131
"643","19K","MU34",174
"644","19K","MU35",90
"645","19K","MU38",108
"646","19K","MU40",127
"647","19K","MU41",123
"648","19K","MU42",178
"649","19K","MU55",43
"650","19K","MU62",12
"651","19K","MU63",108
"652","19K","MU68",143
"653","19K","MU69",70
"654","19K","MU70",127
"655","19K","MU71",37
"656","19K","MU84",19
"657","19K","MU85",24
"658","19K","MU86",148
"659","19K","MU89",167
"660","19K","MU97",37
"661","19K","NE01",195
"662","19K","NE04",192
"663","19K","NE20",114
"664","19K","NE33",146
"665","19K","NE35",158
"666","19K","NE38",218
"667","19K","NE40",157
"668","19K","NE45",148
"669","19K","NE51",151
"670","19K","NE52",161
"671","19K","NE53",143
"672","19K","NE57",118
"673","19K","NE79",147
"674","19K","NE80",149
"675","19K","NE86",190
"676","19K","NE87",180
"677","19K","NE92",124
"678","19K","O53",191
"679","19K","OA6",15
"680","19K","OK46",198
"681","19K","OK47",196
"682","19K","OK48",165
"683","19K","OK64",200
"684","19K","OL92",135
"685","19K","OMU9",75
"686","19K","SN00",139
"687","19K","SN04",86
"688","19K","SN05",145
"689","19K","SN07",113
"690","19K","SN08",152
"691","19K","SN09",146
"692","19K","SN10",149
"693","19K","SN13",165
"694","19K","SN14",48
"695","19K","SN16",138
"696","19K","SN18",132
"697","19K","SN19",137
"698","19K","SN20",132
"699","19K","SN21",33
"700","19K","SN22",27
"701","19K","SN24",52
"702","19K","SN26",40
"703","19K","SN27",24
"704","19K","SN28",157
"705","19K","SN32",150
"706","19K","SN33",125
"707","19K","SN34",155
"708","19K","SN36",165
"709","19K","SN37",103
"710","19K","SN39",146
"711","19K","SN40",144
"712","19K","SN41",77
"713","19K","SN42",32
"714","19K","SN43",60
"715","19K","SN44",108
"716","19K","SN45",32
"717","19K","SN46",129
"718","19K","SN47",71
"719","19K","SN49",167
"720","19K","SN52",138
"721","19K","SN53",102
"722","19K","SN57",34
"723","19K","SN58",111
"724","19K","SN59",16
"725","19K","SN61",158
"726","19K","SN62",148
"727","19K","SN64",154
"728","19K","SN65",160
"729","19K","SN68",139
"730","19K","SN69",50
"731","19K","SN70",184
"732","19K","SN71",183
"733","19K","SN72",49
"734","19K","SN75",75
"735","19K","SN76",165
"736","19K","SN78",7
"737","19K","SN81",28
"738","19K","SN83",32
"739","19K","SN84",36
"740","19K","SN85",24
"741","19K","SN88",13
"742","19K","SN89",15
"743","19K","SN90",39
"744","19K","SN91",82
"745","19K","SN92",104
"746","19K","SN93",66
"747","19K","SN95",186
"748","19K","SN99",102
"749","19K","Y46",112
"750","AZG","MXA9",55
"751","MM0R","MXA9",98
"752","MM0U","MXA9",160
"753","MM1A","MXA9",141
"754","MM1C","MXA9",111
"755","MM1K","MXA9",65
"756","MM1P","MXA9",52
"757","MM2A","MXA9",147
"758","MM2B","MXA9",159
"759","MM2C","MXA9",145
"760","MM2F","MXA9",128
"761","MM2K","MXA9",57
"762","MM2M","MXA9",94
"763","MMAS","MXA9",116
"764","MMCB","MXA9",154
"765","MMCY","MXA9",65
"766","MMGL","MXA9",96
"767","MMGT","MXA9",69
"768","MMIA","MXA9",108
"769","MMLC","MXA9",113
"770","MMLO","MXA9",71
"771","MMMM","MXA9",42
"772","MMMX","MXA9",154
"773","MMPC","MXA9",169
"774","MMPN","MXA9",30
"775","MMQT","MXA9",92
"776","MMTO","MXA9",128
"777","MMTX","MXA9",93
"778","MMZM","MXA9",31
"779","MMZO","MXA9",163
"780","MMZP","MXA9",111
"781","02AK","PAWD",107
"782","05AK","PAWD",93
"783","0AK1","PAWD",90
"784","0AK3","PAWD",119
"785","0AK6","PAWD",110
"786","10AK","PAWD",88
"787","13AK","PAWD",93
"788","14AK","PAWD",89
"789","16AK","PAWD",89
"790","1AK4","PAWD",46
"791","1AK6","PAWD",123
"792","1AK7","PAWD",68
"793","21AK","PAWD",119
"794","23AK","PAWD",88
"795","24AK","PAWD",90
"796","25AK","PAWD",97
"797","28AK","PAWD",111
"798","2R3","PAWD",66
"799","30AK","PAWD",59
"800","34AK","PAWD",90
"801","36AK","PAWD",76
"802","38AK","PAWD",87
"803","39AK","PAWD",88
"804","3A3","PAWD",90
"805","3AK1","PAWD",98
"806","3AK2","PAWD",90
"807","3AK4","PAWD",65
"808","3AK6","PAWD",88
"809","3AK7","PAWD",102
"810","3AK8","PAWD",92
"811","3H3","PAWD",89
"812","40AK","PAWD",50
"813","41AK","PAWD",58
"814","42AK","PAWD",87
"815","43AK","PAWD",89
"816","44AK","PAWD",32
"817","46AK","PAWD",54
"818","47AK","PAWD",70
"819","48AK","PAWD",104
"820","49AK","PAWD",115
"821","4AK2","PAWD",86
"822","4AK6","PAWD",91
"823","52AK","PAWD",59
"824","52Z","PAWD",31
"825","53AK","PAWD",52
"826","54AK","PAWD",89
"827","55AK","PAWD",83
"828","56AK","PAWD",87
"829","57AK","PAWD",75
"830","58AK","PAWD",86
"831","59AK","PAWD",91
"832","5AK5","PAWD",92
"833","5AK6","PAWD",86
"834","5AK8","PAWD",91
"835","5AK9","PAWD",86
"836","5HO","PAWD",47
"837","5KS","PAWD",57
"838","5L6","PAWD",88
"839","62AK","PAWD",87
"840","63AK","PAWD",89
"841","64AK","PAWD",81
"842","65AK","PAWD",86
"843","6AK2","PAWD",70
"844","6AK3","PAWD",66
"845","6AK5","PAWD",66
"846","6AK7","PAWD",87
"847","6AK8","PAWD",90
"848","6AK9","PAWD",91
"849","6Z1","PAWD",64
"850","71AK","PAWD",84
"851","78Z","PAWD",95
"852","7AK3","PAWD",56
"853","7AK4","PAWD",85
"854","7AK5","PAWD",51
"855","7AK6","PAWD",50
"856","7AK8","PAWD",90
"857","7AK9","PAWD",92
"858","87AK","PAWD",92
"859","88AK","PAWD",50
"860","89AK","PAWD",86
"861","8AK2","PAWD",66
"862","8AK4","PAWD",49
"863","8AK6","PAWD",79
"864","8AK8","PAWD",91
"865","99Z","PAWD",89
"866","9AK5","PAWD",61
"867","9AK6","PAWD",90
"868","9AK7","PAWD",89
"869","9AK8","PAWD",90
"870","9Z9","PAWD",17
"871","A13","PAWD",74
"872","A89","PAWD",83
"873","AK08","PAWD",102
"874","AK1","PAWD",85
"875","AK12","PAWD",60
"876","AK17","PAWD",59
"877","AK24","PAWD",78
"878","AK25","PAWD",90
"879","AK27","PAWD",91
"880","AK34","PAWD",105
"881","AK39","PAWD",41
"882","AK46","PAWD",91
"883","AK50","PAWD",86
"884","AK53","PAWD",88
"885","AK65","PAWD",89
"886","AK72","PAWD",101
"887","AK73","PAWD",67
"888","AK83","PAWD",90
"889","AK90","PAWD",99
"890","AK92","PAWD",59
"891","AK95","PAWD",87
"892","AQY","PAWD",51
"893","BGQ","PAWD",85
"894","BLG","PAWD",79
"895","C05","PAWD",43
"896","CSR","PAWD",63
"897","JLA","PAWD",23
"898","JVM","PAWD",98
"899","L85","PAWD",53
"900","LHD","PAWD",65
"901","PAAQ","PAWD",89
"902","PABV","PAWD",78
"903","PAED","PAWD",69
"904","PAEN","PAWD",61
"905","PAFR","PAWD",69
"906","PAMR","PAWD",67
"907","PANC","PAWD",65
"908","PASP","PAWD",116
"909","PASW","PAWD",122
"910","PASX","PAWD",53
"911","PAUO","PAWD",100
"912","PAWD","PAWR",44
"913","PAWD","PAWS",87
"914","PAWD","PYL",56
"915","PAWD","T66",90
"916","PAWD","TYE",76
"917","PAWD","Z40",77
"918","PAWD","Z41",66
"919","04MT","KMLS",49
"920","04WY","KMLS",98
"921","07MT","KMLS",122
"922","10MT","KMLS",88
"923","1S3","KMLS",32
"924","20U","KMLS",84
"925","3U4","KMLS",52
"926","3V7","KMLS",85
"927","42S","KMLS",105
"928","4U6","KMLS",61
"929","5NA8","KMLS",118
"930","5ND0","KMLS",125
"931","5ND1","KMLS",84
"932","5U6","KMLS",114
"933","6U5","KMLS",127
"934","6U7","KMLS",55
"935","7U8","KMLS",79
"936","8OA5","KMLS",95
"937","8U1","KMLS",78
"938","8U6","KMLS",32
"939","97M","KMLS",65
"940","99WY","KMLS",112
"941","9MT7","KMLS",98
"942","F02","KMLS",83
"943","KBDX","KMLS",63
"944","KBHK","KMLS",68
"945","KGDV","KMLS",62
"946","KGGW","KMLS",111
"947","KJDN","KMLS",69
"948","KMLS","KOLF",101
"949","KMLS","KSDY",104
"950","KMLS","KSHR",110
"951","KMLS","M46",49
"952","KMLS","MT03",89
"953","KMLS","MT04",119
"954","KMLS","MT05",67
"955","KMLS","MT11",120
"956","KMLS","MT20",78
"957","KMLS","MT29",3
"958","KMLS","MT34",72
"959","KMLS","MT38",122
"960","KMLS","MT45",63
"961","KMLS","MT50",92
"962","KMLS","MT51",111
"963","KMLS","MT58",81
"964","KMLS","MT59",82
"965","KMLS","MT65",114
"966","KMLS","MT74",64
"967","KMLS","MT80",98
"968","KMLS","MT90",120
"969","KMLS","S85",118
"970","KMLS","SD33",97
"971","KMLS","SD76",89
"972","KMLS","WY14",119
"973","KMLS","WY37",103
"974","0AK0","PAFA",36
"975","0Z2","PAFA",103
"976","11AK","PAFA",79
"977","11Z","PAFA",62
"978","15AK","PAFA",91
"979","20K","PAFA",58
"980","29AK","PAFA",78
"981","2AK1","PAFA",30
"982","2AK2","PAFA",23
"983","2Z2","PAFA",64
"984","2Z3","PAFA",53
"985","2Z5","PAFA",1
"986","31AK","PAFA",11
"987","32AK","PAFA",6
"988","45AK","PAFA",81
"989","4AK","PAFA",45
"990","4AK5","PAFA",142
"991","51Z","PAFA",43
"992","5AK2","PAFA",14
"993","5AK3","PAFA",14
"994","5BK","PAFA",93
"995","5Z5","PAFA",112
"996","95Z","PAFA",13
"997","9AK","PAFA",50
"998","9AK4","PAFA",67
"999","AK06","PAFA",75
"1000","AK09","PAFA",77
"1001","AK13","PAFA",48
"1002","AK22","PAFA",9
"1003","AK28","PAFA",2
"1004","AK32","PAFA",28
"1005","AK41","PAFA",31
"1006","AK80","PAFA",86
"1007","CEM","PAFA",90
"1008","CHP","PAFA",92
"1009","CLF","PAFA",48
"1010","D66","PAFA",72
"1011","FVM","PAFA",83
"1012","HRR","PAFA",64
"1013","MTF","PAFA",3
"1014","PABI","PAFA",74
"1015","PACL","PAFA",45
"1016","PACR","PAFA",113
"1017","PAEI","PAFA",21
"1018","PAFA","PAFB",6
"1019","PAFA","PAIN",71
"1020","PAFA","PAML",72
"1021","PAFA","PANN",35
"1022","PAFA","PAPR",139
"1023","PAFA","PATW",90
"1024","PAFA","PAXK",124
"1025","PAFA","PFYU",124
"1026","PAFA","RMP",71
"1027","PAFA","SVS",78
"1028","PAFA","UMM",95
"1029","PAFA","WBQ",94
"1030","PAFA","Z86",109
"1031","PAFA","Z90",91
"1032","PAFA","Z91",102
"1033","03TE","KMFE",82
"1034","07R","KMFE",90
"1035","07TE","KMFE",100
"1036","08TS","KMFE",45
"1037","0TE5","KMFE",91
"1038","0TS8","KMFE",19
"1039","13TS","KMFE",85
"1040","14TS","KMFE",77
"1041","23TE","KMFE",74
"1042","25R","KMFE",17
"1043","28TA","KMFE",102
"1044","2R8","KMFE",116
"1045","2TA8","KMFE",41
"1046","2TS2","KMFE",27
"1047","2TX4","KMFE",124
"1048","30TX","KMFE",29
"1049","38XS","KMFE",41
"1050","43TX","KMFE",6
"1051","46TA","KMFE",121
"1052","47TX","KMFE",52
"1053","53XS","KMFE",35
"1054","59TS","KMFE",118
"1055","5XS6","KMFE",20
"1056","66TX","KMFE",89
"1057","67R","KMFE",36
"1058","67TX","KMFE",99
"1059","68TX","KMFE",111
"1060","69TA","KMFE",96
"1061","6TA9","KMFE",117
"1062","6TE0","KMFE",17
"1063","6TE1","KMFE",12
"1064","6XS5","KMFE",17
"1065","79TA","KMFE",124
"1066","79TE","KMFE",117
"1067","79TX","KMFE",38
"1068","7TE1","KMFE",66
"1069","7TE2","KMFE",56
"1070","7TE7","KMFE",13
"1071","80TX","KMFE",47
"1072","8TS0","KMFE",87
"1073","8TS9","KMFE",137
"1074","8TX8","KMFE",71
"1075","8XS2","KMFE",136
"1076","90TX","KMFE",119
"1077","92TA","KMFE",44
"1078","92XS","KMFE",35
"1079","9R5","KMFE",113
"1080","9TE5","KMFE",136
"1081","KALI","KMFE",94
"1082","KBRO","KMFE",47
"1083","KCRP","KMFE",103
"1084","KHBV","KMFE",75
"1085","KHRL","KMFE",32
"1086","KLRD","KMFE",105
"1087","KMFE","KNGP",104
"1088","KMFE","KNOG",104
"1089","KMFE","KNQI",82
"1090","KMFE","KPIL",48
"1091","KMFE","KRKP",131
"1092","KMFE","KZ0E",100
"1093","KMFE","MM0J",104
"1094","KMFE","MM0N",111
"1095","KMFE","MM1D",108
"1096","KMFE","MM1F",53
"1097","KMFE","MM1L",71
"1098","KMFE","MM1R",145
"1099","KMFE","MMAL",71
"1100","KMFE","MMAN",110
"1101","KMFE","MMIO",150
"1102","KMFE","MMMA",46
"1103","KMFE","MMMY",104
"1104","KMFE","MMNL",104
"1105","KMFE","MMRX",10
"1106","KMFE","NGW",101
"1107","KMFE","T05",49
"1108","KMFE","T18",62
"1109","KMFE","T19",104
"1110","KMFE","T43",117
"1111","KMFE","T53",100
"1112","KMFE","T65",14
"1113","KMFE","T69",118
"1114","KMFE","T80",83
"1115","KMFE","T86",72
"1116","KMFE","TA44",57
"1117","KMFE","TE29",134
"1118","KMFE","TE32",95
"1119","KMFE","TE59",5
"1120","KMFE","TE62",105
"1121","KMFE","TE87",115
"1122","KMFE","TS05",17
"1123","KMFE","TS69",82
"1124","KMFE","TS94",51
"1125","KMFE","TX27",110
"1126","KMFE","TX56",95
"1127","KMFE","XS10",139
"1128","KMFE","XS19",9
"1129","KMFE","XS50",72
"1130","KMFE","XS51",74
"1131","KMFE","XS56",29
"1132","KMFE","XS63",37
"1133","KMFE","XS64",37
"1134","KMFE","XS66",101
"1135","KMFE","XS67",125
"1136","KMFE","XS93",37
"1137","KMFE","XS94",85
"1138","KMFE","Z21Z",72
"1139","02AK","3AK5",98
"1140","05AK","3AK5",108
"1141","0AK1","3AK5",103
"1142","0AK3","3AK5",100
"1143","10AK","3AK5",94
"1144","13AK","3AK5",92
"1145","14AK","3AK5",104
"1146","16AK","3AK5",102
"1147","1AK4","3AK5",42
"1148","1AK6","3AK5",88
"1149","1AK7","3AK5",93
"1150","21AK","3AK5",108
"1151","23AK","3AK5",103
"1152","24AK","3AK5",94
"1153","25AK","3AK5",91
"1154","2AK4","3AK5",70
"1155","2AK7","3AK5",125
"1156","2R3","3AK5",26
"1157","30AK","3AK5",27
"1158","33AK","3AK5",121
"1159","34AK","3AK5",104
"1160","36AK","3AK5",76
"1161","38AK","3AK5",93
"1162","39AK","3AK5",104
"1163","3A3","3AK5",95
"1164","3AK1","3AK5",89
"1165","3AK2","3AK5",104
"1166","3AK3","3AK5",131
"1167","3AK4","3AK5",24
"1168","3AK5","3AK6",103
"1169","3AK5","3AK7",88
"1170","3AK5","3AK8",103
"1171","3AK5","3H3",103
"1172","3AK5","40AK",39
"1173","3AK5","41AK",30
"1174","3AK5","42AK",98
"1175","3AK5","43AK",97
"1176","3AK5","44AK",61
"1177","3AK5","46AK",61
"1178","3AK5","47AK",88
"1179","3AK5","49AK",107
"1180","3AK5","4AK2",99
"1181","3AK5","4AK6",105
"1182","3AK5","4K0",76
"1183","3AK5","4Z9",71
"1184","3AK5","52AK",28
"1185","3AK5","52Z",79
"1186","3AK5","53AK",36
"1187","3AK5","54AK",97
"1188","3AK5","55AK",90
"1189","3AK5","56AK",95
"1190","3AK5","57AK",78
"1191","3AK5","58AK",101
"1192","3AK5","59AK",103
"1193","3AK5","5AK0",17
"1194","3AK5","5AK5",102
"1195","3AK5","5AK6",102
"1196","3AK5","5AK8",101
"1197","3AK5","5AK9",104
"1198","3AK5","5BL",60
"1199","3AK5","5HO",77
"1200","3AK5","5KS",30
"1201","3AK5","5L6",100
"1202","3AK5","5NN",88
"1203","3AK5","5Z7",70
"1204","3AK5","62AK",96
"1205","3AK5","63AK",88
"1206","3AK5","64AK",81
"1207","3AK5","65AK",100
"1208","3AK5","6AK",91
"1209","3AK5","6AK2",75
"1210","3AK5","6AK3",27
"1211","3AK5","6AK5",68
"1212","3AK5","6AK7",94
"1213","3AK5","6AK8",95
"1214","3AK5","6AK9",96
"1215","3AK5","6Z1",26
"1216","3AK5","71AK",96
"1217","3AK5","78Z",92
"1218","3AK5","7AK3",30
"1219","3AK5","7AK4",97
"1220","3AK5","7AK5",37
"1221","3AK5","7AK6",37
"1222","3AK5","7AK8",97
"1223","3AK5","87AK",105
"1224","3AK5","88AK",38
"1225","3AK5","89AK",92
"1226","3AK5","8AK2",27
"1227","3AK5","8AK4",39
"1228","3AK5","8AK6",73
"1229","3AK5","8AK8",96
"1230","3AK5","8KA",108
"1231","3AK5","99Z",104
"1232","3AK5","9AK3",33
"1233","3AK5","9AK5",76
"1234","3AK5","9AK6",96
"1235","3AK5","9AK7",91
"1236","3AK5","9AK8",95
"1237","3AK5","9K2",106
"1238","3AK5","9Z9",84
"1239","3AK5","A27",71
"1240","3AK5","A89",92
"1241","3AK5","AK00",48
"1242","3AK5","AK07",82
"1243","3AK5","AK08",94
"1244","3AK5","AK12",74
"1245","3AK5","AK17",57
"1246","3AK5","AK18",53
"1247","3AK5","AK24",94
"1248","3AK5","AK25",97
"1249","3AK5","AK27",97
"1250","3AK5","AK34",96
"1251","3AK5","AK39",59
"1252","3AK5","AK44",120
"1253","3AK5","AK65",102
"1254","3AK5","AK72",81
"1255","3AK5","AK73",27
"1256","3AK5","AK83",97
"1257","3AK5","AK90",92
"1258","3AK5","AK92",75
"1259","3AK5","AK95",91
"1260","3AK5","BGQ",89
"1261","3AK5","BLG",48
"1262","3AK5","CSR",78
"1263","3AK5","FKK",125
"1264","3AK5","JLA",73
"1265","3AK5","KEB",75
"1266","3AK5","L85",35
"1267","3AK5","LHD",73
"1268","3AK5","LKK",132
"1269","3AK5","NIN",38
"1270","3AK5","PABV",92
"1271","3AK5","PAED",80
"1272","3AK5","PAEN",27
"1273","3AK5","PAFL",124
"1274","3AK5","PAFR",84
"1275","3AK5","PAFW",126
"1276","3AK5","PAHO",60
"1277","3AK5","PAIL",96
"1278","3AK5","PAMR",78
"1279","3AK5","PANC",73
"1280","3AK5","PASO",70
"1281","3AK5","PASW",87
"1282","3AK5","PASX",34
"1283","3AK5","PATK",120
"1284","3AK5","PAUO",93
"1285","3AK5","PAWD",86
"1286","3AK5","PAWS",97
"1287","3AK5","PGM",75
"1288","3AK5","T66",95
"1289","3AK5","TPO",68
"1290","3AK5","TYE",42
"1291","3AK5","Z40",83
"1292","3AK5","Z41",74
"1293","0Z3","PAKN",64
"1294","17Z","PAKN",77
"1295","2A3","PAKN",109
"1296","37AK","PAKN",60
"1297","3AK","PAKN",10
"1298","3Z8","PAKN",94
"1299","4AK7","PAKN",71
"1300","4AK9","PAKN",12
"1301","4K0","PAKN",103
"1302","5A8","PAKN",71
"1303","5KO","PAKN",16
"1304","5NK","PAKN",12
"1305","5NN","PAKN",96
"1306","5Z9","PAKN",28
"1307","76Z","PAKN",20
"1308","8AK0","PAKN",11
"1309","93AK","PAKN",58
"1310","9A8","PAKN",73
"1311","9K2","PAKN",73
"1312","9Z7","PAKN",19
"1313","9Z8","PAKN",28
"1314","A14","PAKN",36
"1315","AK21","PAKN",45
"1316","AK56","PAKN",96
"1317","AK60","PAKN",50
"1318","AK81","PAKN",116
"1319","AK96","PAKN",35
"1320","AKK","PAKN",131
"1321","ALZ","PAKN",132
"1322","CLP","PAKN",60
"1323","IGG","PAKN",45
"1324","JZZ","PAKN",66
"1325","KEK","PAKN",48
"1326","KGK","PAKN",66
"1327","KKL","PAKN",115
"1328","KLL","PAKN",27
"1329","KMY","PAKN",128
"1330","KNW","PAKN",51
"1331","KOY","PAKN",120
"1332","LKK","PAKN",51
"1333","PADL","PAKN",62
"1334","PAII","PAKN",37
"1335","PAIL","PAKN",84
"1336","PAKN","PAKY",97
"1337","PAKN","PAPH",121
"1338","PAKN","PNP",72
"1339","PAKN","TPO",116
"1340","PAKN","UGB",83
"1341","PAKN","WSN",11
"1342","PAKN","Z25",69
"1343","PAKN","Z33",71
"1344","0E9","KMHK",185
"1345","00C","KMHK",542
"1346","00CO","KMHK",365
"1347","00IS","KMHK",354
"1348","00KS","KMHK",85
"1349","00MO","KMHK",158
"1350","00V","KMHK",369
"1351","01II","KMHK",474
"1352","01IS","KMHK",297
"1353","01KS","KMHK",39
"1354","01LL","KMHK",344
"1355","01NE","KMHK",210
"1356","01V","KMHK",373
"1357","02CO","KMHK",451
"1358","02II","KMHK",488
"1359","02IN","KMHK",519
"1360","02K","KMHK",289
"1361","02KS","KMHK",29
"1362","02MO","KMHK",263
"1363","02NE","KMHK",116
"1364","03CO","KMHK",380
"1365","03D","KMHK",220
"1366","03II","KMHK",424
"1367","03IN","KMHK",497
"1368","03KY","KMHK",438
"1369","03MO","KMHK",183
"1370","04IA","KMHK",242
"1371","04II","KMHK",550
"1372","04IL","KMHK",365
"1373","04IS","KMHK",380
"1374","04MO","KMHK",244
"1375","04V","KMHK",451
"1376","05CO","KMHK",390
"1377","05II","KMHK",549
"1378","05IN","KMHK",474
"1379","05IS","KMHK",346
"1380","05KS","KMHK",117
"1381","05V","KMHK",432
"1382","06I","KMHK",470
"1383","06II","KMHK",496
"1384","06IN","KMHK",437
"1385","06IS","KMHK",263
"1386","06MO","KMHK",87
"1387","06SN","KMHK",97
"1388","07I","KMHK",477
"1389","07IN","KMHK",501
"1390","07K","KMHK",134
"1391","07KS","KMHK",85
"1392","07KY","KMHK",520
"1393","07MO","KMHK",146
"1394","07V","KMHK",405
"1395","08IS","KMHK",358
"1396","08K","KMHK",112
"1397","08KS","KMHK",43
"1398","08LL","KMHK",394
"1399","08MO","KMHK",154
"1400","09CO","KMHK",335
"1401","09II","KMHK",481
"1402","09IN","KMHK",531
"1403","09KS","KMHK",76
"1404","09MO","KMHK",189
"1405","0C1","KMHK",90
"1406","0CO1","KMHK",396
"1407","0CO2","KMHK",480
"1408","0CO3","KMHK",368
"1409","0CO5","KMHK",324
"1410","0CO6","KMHK",545
"1411","0CO8","KMHK",392
"1412","0CO9","KMHK",450
"1413","0D6","KMHK",81
"1414","0G3","KMHK",79
"1415","0H1","KMHK",151
"1416","0H7","KMHK",242
"1417","0I2","KMHK",446
"1418","0IA4","KMHK",283
"1419","0IA5","KMHK",188
"1420","0II0","KMHK",533
"1421","0II1","KMHK",492
"1422","0II3","KMHK",499
"1423","0II5","KMHK",462
"1424","0II7","KMHK",507
"1425","0II9","KMHK",470
"1426","0IL2","KMHK",410
"1427","0IL3","KMHK",421
"1428","0IN1","KMHK",427
"1429","0IN2","KMHK",543
"1430","0IN3","KMHK",475
"1431","0IN4","KMHK",552
"1432","0IN5","KMHK",501
"1433","0IN9","KMHK",416
"1434","0IS4","KMHK",374
"1435","0IS5","KMHK",330
"1436","0J9","KMHK",108
"1437","0KS0","KMHK",46
"1438","0KS1","KMHK",62
"1439","0KS2","KMHK",73
"1440","0KS3","KMHK",70
"1441","0KS4","KMHK",54
"1442","0KS6","KMHK",106
"1443","0KS7","KMHK",104
"1444","0KS8","KMHK",122
"1445","0KS9","KMHK",98
"1446","0KY4","KMHK",462
"1447","0L8","KMHK",101
"1448","0LL1","KMHK",297
"1449","0LL2","KMHK",306
"1450","0LL3","KMHK",296
"1451","0LL5","KMHK",402
"1452","0LL8","KMHK",396
"1453","0MO0","KMHK",139
"1454","0MO1","KMHK",126
"1455","0MO2","KMHK",289
"1456","0MO3","KMHK",106
"1457","0MO5","KMHK",220
"1458","0MO6","KMHK",212
"1459","0MO8","KMHK",277
"1460","0MU0","KMHK",287
"1461","0MU1","KMHK",164
"1462","0MU4","KMHK",179
"1463","0MU7","KMHK",119
"1464","0MU8","KMHK",342
"1465","0N0","KMHK",104
"1466","0NE5","KMHK",271
"1467","0NE6","KMHK",101
"1468","0P1","KMHK",141
"1469","0R2","KMHK",163
"1470","0R9","KMHK",123
"1471","0S2","KMHK",123
"1472","0T3","KMHK",334
"1473","0V2","KMHK",441
"1474","0V3","KMHK",134
"1475","10CO","KMHK",259
"1476","10IN","KMHK",541
"1477","10IS","KMHK",311
"1478","10MO","KMHK",233
"1479","11II","KMHK",496
"1480","11IN","KMHK",472
"1481","11K","KMHK",126
"1482","11KS","KMHK",71
"1483","11LL","KMHK",377
"1484","11MO","KMHK",236
"1485","11V","KMHK",374
"1486","12CO","KMHK",521
"1487","12I","KMHK",544
"1488","12II","KMHK",545
"1489","12IN","KMHK",428
"1490","12K","KMHK",84
"1491","12KS","KMHK",82
"1492","12KY","KMHK",541
"1493","12LL","KMHK",352
"1494","12MO","KMHK",148
"1495","13IL","KMHK",289
"1496","13IN","KMHK",550
"1497","13IS","KMHK",283
"1498","13K","KMHK",79
"1499","13KS","KMHK",89
"1500","13KY","KMHK",457
"1501","13MO","KMHK",250
"1502","13NE","KMHK",204
"1503","14CO","KMHK",392
"1504","14KS","KMHK",98
"1505","14MO","KMHK",110
"1506","14NE","KMHK",122
"1507","15IS","KMHK",391
"1508","15KS","KMHK",51
"1509","15MO","KMHK",204
"1510","15NE","KMHK",121
"1511","16CO","KMHK",402
"1512","16IS","KMHK",373
"1513","16KS","KMHK",206
"1514","16MO","KMHK",262
"1515","16NE","KMHK",85
"1516","17IN","KMHK",540
"1517","17KS","KMHK",60
"1518","17KY","KMHK",457
"1519","17LL","KMHK",388
"1520","17MO","KMHK",240
"1521","17V","KMHK",288
"1522","18II","KMHK",495
"1523","18IN","KMHK",432
"1524","18K","KMHK",197
"1525","18KS","KMHK",108
"1526","18LL","KMHK",345
"1527","18NE","KMHK",93
"1528","18V","KMHK",377
"1529","19IN","KMHK",474
"1530","19IS","KMHK",384
"1531","19T","KMHK",195
"1532","1C1","KMHK",403
"1533","1CO2","KMHK",551
"1534","1CO3","KMHK",387
"1535","1CO4","KMHK",530
"1536","1CO5","KMHK",477
"1537","1CO7","KMHK",438
"1538","1CO8","KMHK",372
"1539","1F5","KMHK",176
"1540","1H0","KMHK",290
"1541","1H2","KMHK",380
"1542","1H3","KMHK",231
"1543","1H8","KMHK",404
"1544","1I3","KMHK",451
"1545","1I7","KMHK",432
"1546","1I8","KMHK",505
"1547","1I9","KMHK",469
"1548","1IA0","KMHK",136
"1549","1IA4","KMHK",155
"1550","1IA6","KMHK",118
"1551","1II0","KMHK",516
"1552","1II2","KMHK",553
"1553","1II3","KMHK",434
"1554","1II4","KMHK",498
"1555","1II8","KMHK",505
"1556","1IL0","KMHK",367
"1557","1IL1","KMHK",338
"1558","1IL2","KMHK",341
"1559","1IL4","KMHK",310
"1560","1IL8","KMHK",432
"1561","1IL9","KMHK",356
"1562","1IN0","KMHK",533
"1563","1IN1","KMHK",467
"1564","1IN3","KMHK",539
"1565","1IN4","KMHK",505
"1566","1IN5","KMHK",439
"1567","1IN6","KMHK",443
"1568","1IS0","KMHK",318
"1569","1IS2","KMHK",381
"1570","1IS3","KMHK",355
"1571","1K1","KMHK",84
"1572","1K3","KMHK",98
"1573","1K6","KMHK",101
"1574","1K7","KMHK",102
"1575","1K9","KMHK",228
"1576","1KS0","KMHK",84
"1577","1KS1","KMHK",79
"1578","1KS2","KMHK",75
"1579","1KS3","KMHK",11
"1580","1KS5","KMHK",27
"1581","1KS6","KMHK",44
"1582","1KS7","KMHK",223
"1583","1KS8","KMHK",206
"1584","1KS9","KMHK",81
"1585","1KY8","KMHK",556
"1586","1KY9","KMHK",513
"1587","1LL3","KMHK",265
"1588","1LL4","KMHK",325
"1589","1LL5","KMHK",317
"1590","1LL8","KMHK",432
"1591","1MO2","KMHK",109
"1592","1MO3","KMHK",130
"1593","1MO4","KMHK",138
"1594","1MO7","KMHK",229
"1595","1MO8","KMHK",189
"1596","1MO9","KMHK",166
"1597","1MU0","KMHK",189
"1598","1MU2","KMHK",95
"1599","1MU4","KMHK",139
"1600","1MU6","KMHK",98
"1601","1MU7","KMHK",348
"1602","1MU8","KMHK",82
"1603","1V5","KMHK",400
"1604","1V6","KMHK",398
"1605","1V8","KMHK",449
"1606","1V9","KMHK",533
"1607","1Y3","KMHK",147
"1608","20II","KMHK",484
"1609","20IN","KMHK",495
"1610","20KS","KMHK",88
"1611","20MO","KMHK",110
"1612","20V","KMHK",453
"1613","21IN","KMHK",529
"1614","21KY","KMHK",525
"1615","21MO","KMHK",118
"1616","21NE","KMHK",73
"1617","22CO","KMHK",350
"1618","22II","KMHK",426
"1619","22IS","KMHK",275
"1620","22MO","KMHK",233
"1621","22NE","KMHK",87
"1622","23CO","KMHK",343
"1623","23IS","KMHK",280
"1624","23KS","KMHK",81
"1625","23KY","KMHK",411
"1626","23MO","KMHK",116
"1627","24IN","KMHK",484
"1628","24KS","KMHK",94
"1629","24KY","KMHK",452
"1630","24LL","KMHK",345
"1631","24MO","KMHK",190
"1632","25CO","KMHK",426
"1633","25IL","KMHK",318
"1634","25KS","KMHK",119
"1635","25LL","KMHK",401
"1636","25MO","KMHK",154
"1637","26IN","KMHK",516
"1638","26IS","KMHK",389
"1639","26V","KMHK",296
"1640","27CO","KMHK",403
"1641","27IN","KMHK",491
"1642","27IS","KMHK",381
"1643","27KS","KMHK",236
"1644","27LL","KMHK",302
"1645","27MO","KMHK",164
"1646","28II","KMHK",504
"1647","28IN","KMHK",434
"1648","28IS","KMHK",343
"1649","28KS","KMHK",80
"1650","28LL","KMHK",364
"1651","28MO","KMHK",151
"1652","29IL","KMHK",336
"1653","29IN","KMHK",532
"1654","29KS","KMHK",43
"1655","29MO","KMHK",101
"1656","29NE","KMHK",230
"1657","2C6","KMHK",320
"1658","2CO1","KMHK",369
"1659","2CO2","KMHK",444
"1660","2CO3","KMHK",387
"1661","2CO5","KMHK",377
"1662","2CO9","KMHK",429
"1663","2H0","KMHK",365
"1664","2I0","KMHK",451
"1665","2I3","KMHK",488
"1666","2II0","KMHK",493
"1667","2II2","KMHK",417
"1668","2II3","KMHK",507
"1669","2II6","KMHK",494
"1670","2IL2","KMHK",395
"1671","2IL4","KMHK",278
"1672","2IL5","KMHK",404
"1673","2IL6","KMHK",282
"1674","2IL7","KMHK",314
"1675","2IN0","KMHK",540
"1676","2IN2","KMHK",532
"1677","2IN3","KMHK",463
"1678","2IN5","KMHK",522
"1679","2IN6","KMHK",501
"1680","2IN9","KMHK",492
"1681","2IS5","KMHK",352
"1682","2IS8","KMHK",316
"1683","2K0","KMHK",380
"1684","2K3","KMHK",256
"1685","2K6","KMHK",107
"1686","2K7","KMHK",113
"1687","2K8","KMHK",123
"1688","2KS0","KMHK",119
"1689","2KS1","KMHK",76
"1690","2KS2","KMHK",91
"1691","2KS3","KMHK",87
"1692","2KS4","KMHK",125
"1693","2KS8","KMHK",81
"1694","2KS9","KMHK",53
"1695","2KY4","KMHK",519
"1696","2KY8","KMHK",559
"1697","2LL0","KMHK",368
"1698","2LL3","KMHK",359
"1699","2LL4","KMHK",359
"1700","2LL5","KMHK",403
"1701","2LL7","KMHK",381
"1702","2M1","KMHK",121
"1703","2M5","KMHK",164
"1704","2MO0","KMHK",133
"1705","2MO1","KMHK",188
"1706","2MO2","KMHK",112
"1707","2MO4","KMHK",132
"1708","2MO5","KMHK",236
"1709","2MO6","KMHK",211
"1710","2MO7","KMHK",262
"1711","2MO9","KMHK",104
"1712","2NE0","KMHK",173
"1713","2NE5","KMHK",190
"1714","2NE6","KMHK",238
"1715","2NE7","KMHK",264
"1716","2NE9","KMHK",253
"1717","2R2","KMHK",475
"1718","2T2","KMHK",380
"1719","2V1","KMHK",503
"1720","2V2","KMHK",398
"1721","2V5","KMHK",265
"1722","2V6","KMHK",286
"1723","2V8","KMHK",337
"1724","30K","KMHK",196
"1725","30LL","KMHK",295
"1726","30MO","KMHK",216
"1727","30NE","KMHK",118
"1728","31II","KMHK",550
"1729","31IN","KMHK",459
"1730","31KS","KMHK",91
"1731","31LL","KMHK",382
"1732","31MO","KMHK",106
"1733","32CO","KMHK",397
"1734","32II","KMHK",541
"1735","32IS","KMHK",269
"1736","32KS","KMHK",188
"1737","32MO","KMHK",318
"1738","33IL","KMHK",365
"1739","33IN","KMHK",441
"1740","33IS","KMHK",369
"1741","33K","KMHK",148
"1742","33KS","KMHK",50
"1743","33KY","KMHK",463
"1744","33LL","KMHK",391
"1745","33MO","KMHK",168
"1746","33V","KMHK",453
"1747","34CO","KMHK",376
"1748","34II","KMHK",516
"1749","34IL","KMHK",312
"1750","34IN","KMHK",544
"1751","35CO","KMHK",337
"1752","35IN","KMHK",501
"1753","35IS","KMHK",369
"1754","35KS","KMHK",101
"1755","35NE","KMHK",263
"1756","36CO","KMHK",368
"1757","36II","KMHK",481
"1758","36IS","KMHK",294
"1759","36K","KMHK",227
"1760","36KS","KMHK",118
"1761","36KY","KMHK",550
"1762","36MO","KMHK",249
"1763","37IL","KMHK",346
"1764","37IN","KMHK",463
"1765","37KS","KMHK",101
"1766","37LL","KMHK",321
"1767","37MO","KMHK",119
"1768","37NE","KMHK",90
"1769","37V","KMHK",166
"1770","38IN","KMHK",480
"1771","38IS","KMHK",260
"1772","38K","KMHK",87
"1773","38KS","KMHK",87
"1774","38MO","KMHK",271
"1775","38NE","KMHK",111
"1776","39CO","KMHK",519
"1777","39IL","KMHK",344
"1778","39IN","KMHK",524
"1779","39IS","KMHK",381
"1780","39K","KMHK",53
"1781","39KS","KMHK",67
"1782","3AE","KMHK",513
"1783","3AU","KMHK",90
"1784","3CO0","KMHK",531
"1785","3CO1","KMHK",522
"1786","3CO2","KMHK",320
"1787","3CO7","KMHK",368
"1788","3DW","KMHK",199
"1789","3EV","KMHK",432
"1790","3EX","KMHK",116
"1791","3FK","KMHK",494
"1792","3GN","KMHK",98
"1793","3GV","KMHK",115
"1794","3I1","KMHK",506
"1795","3I3","KMHK",433
"1796","3II1","KMHK",468
"1797","3II2","KMHK",415
"1798","3II3","KMHK",556
"1799","3II5","KMHK",470
"1800","3II9","KMHK",539
"1801","3IL1","KMHK",328
"1802","3IL9","KMHK",348
"1803","3IN2","KMHK",506
"1804","3IN4","KMHK",532
"1805","3IN6","KMHK",453
"1806","3IN9","KMHK",492
"1807","3IP","KMHK",109
"1808","3IS1","KMHK",348
"1809","3IS2","KMHK",293
"1810","3IS3","KMHK",351
"1811","3IS5","KMHK",330
"1812","3IS6","KMHK",370
"1813","3IS7","KMHK",368
"1814","3JC","KMHK",10
"1815","3K3","KMHK",249
"1816","3K4","KMHK",337
"1817","3K5","KMHK",256
"1818","3K6","KMHK",322
"1819","3K7","KMHK",223
"1820","3K8","KMHK",170
"1821","3KK","KMHK",419
"1822","3KS1","KMHK",43
"1823","3KS3","KMHK",107
"1824","3KS4","KMHK",239
"1825","3KS5","KMHK",84
"1826","3KS7","KMHK",85
"1827","3KS8","KMHK",129
"1828","3KY1","KMHK",459
"1829","3KY4","KMHK",538
"1830","3KY6","KMHK",495
"1831","3KY7","KMHK",484
"1832","3KY9","KMHK",546
"1833","3LF","KMHK",326
"1834","3LL1","KMHK",332
"1835","3LL3","KMHK",421
"1836","3LL6","KMHK",359
"1837","3LL8","KMHK",388
"1838","3LS7","KMHK",336
"1839","3MO","KMHK",155
"1840","3MO2","KMHK",251
"1841","3MO6","KMHK",103
"1842","3MO7","KMHK",111
"1843","3MO8","KMHK",112
"1844","3MY","KMHK",340
"1845","3NE3","KMHK",147
"1846","3NE9","KMHK",316
"1847","3OH8","KMHK",557
"1848","3R8","KMHK",510
"1849","3SQ","KMHK",289
"1850","3SY","KMHK",481
"1851","3TA","KMHK",117
"1852","3V4","KMHK",338
"1853","3V5","KMHK",396
"1854","3VS","KMHK",183
"1855","40IL","KMHK",385
"1856","40IN","KMHK",491
"1857","40KS","KMHK",68
"1858","40KY","KMHK",540
"1859","40LL","KMHK",360
"1860","40MO","KMHK",87
"1861","41MO","KMHK",184
"1862","42IL","KMHK",356
"1863","42K","KMHK",129
"1864","42KS","KMHK",111
"1865","42MO","KMHK",302
"1866","42V","KMHK",233
"1867","43CO","KMHK",373
"1868","43I","KMHK",505
"1869","43IN","KMHK",427
"1870","43K","KMHK",50
"1871","43KS","KMHK",12
"1872","43MO","KMHK",110
"1873","43NE","KMHK",151
"1874","44CO","KMHK",520
"1875","44II","KMHK",531
"1876","44IN","KMHK",456
"1877","44IS","KMHK",263
"1878","44KS","KMHK",95
"1879","44MO","KMHK",93
"1880","45IN","KMHK",510
"1881","45K","KMHK",49
"1882","45KS","KMHK",105
"1883","45MO","KMHK",283
"1884","46CO","KMHK",370
"1885","46KS","KMHK",85
"1886","46MO","KMHK",284
"1887","46NE","KMHK",246
"1888","47CO","KMHK",391
"1889","47II","KMHK",518
"1890","47IL","KMHK",402
"1891","47IN","KMHK",428
"1892","47K","KMHK",68
"1893","47KS","KMHK",69
"1894","47MO","KMHK",130
"1895","47V","KMHK",197
"1896","48CO","KMHK",386
"1897","48IL","KMHK",301
"1898","48K","KMHK",157
"1899","48KS","KMHK",41
"1900","48V","KMHK",392
"1901","49CO","KMHK",362
"1902","49II","KMHK",450
"1903","49IN","KMHK",433
"1904","49K","KMHK",115
"1905","49KS","KMHK",4
"1906","49NE","KMHK",220
"1907","4C8","KMHK",212
"1908","4CO0","KMHK",489
"1909","4CO2","KMHK",396
"1910","4CO3","KMHK",285
"1911","4CO7","KMHK",374
"1912","4CO8","KMHK",380
"1913","4D9","KMHK",137
"1914","4H8","KMHK",256
"1915","4I7","KMHK",459
"1916","4IA4","KMHK",266
"1917","4IA6","KMHK",137
"1918","4II0","KMHK",467
"1919","4II2","KMHK",499
"1920","4II3","KMHK",463
"1921","4II6","KMHK",499
"1922","4II7","KMHK",474
"1923","4II8","KMHK",510
"1924","4II9","KMHK",460
"1925","4IL2","KMHK",388
"1926","4IL4","KMHK",367
"1927","4IL7","KMHK",425
"1928","4IL8","KMHK",353
"1929","4IL9","KMHK",394
"1930","4IN4","KMHK",443
"1931","4IN7","KMHK",442
"1932","4IN8","KMHK",454
"1933","4IS1","KMHK",384
"1934","4IS5","KMHK",321
"1935","4IS6","KMHK",364
"1936","4IS7","KMHK",387
"1937","4IS8","KMHK",334
"1938","4IS9","KMHK",314
"1939","4K3","KMHK",128
"1940","4K6","KMHK",218
"1941","4KS1","KMHK",81
"1942","4KS2","KMHK",81
"1943","4KS6","KMHK",65
"1944","4KS7","KMHK",97
"1945","4KS8","KMHK",231
"1946","4KY4","KMHK",452
"1947","4KY7","KMHK",561
"1948","4KY8","KMHK",521
"1949","4LL5","KMHK",247
"1950","4LL6","KMHK",313
"1951","4LL9","KMHK",338
"1952","4MO","KMHK",245
"1953","4MO0","KMHK",125
"1954","4MO1","KMHK",114
"1955","4MO2","KMHK",213
"1956","4MO3","KMHK",200
"1957","4MO4","KMHK",109
"1958","4MO5","KMHK",165
"1959","4MO6","KMHK",259
"1960","4MO7","KMHK",89
"1961","4MO8","KMHK",112
"1962","4MO9","KMHK",121
"1963","4NE0","KMHK",249
"1964","4NE4","KMHK",255
"1965","4NE5","KMHK",257
"1966","4NE8","KMHK",220
"1967","4NE9","KMHK",247
"1968","4U8","KMHK",443
"1969","4V1","KMHK",392
"1970","50I","KMHK",437
"1971","50II","KMHK",462
"1972","50IN","KMHK",434
"1973","50K","KMHK",62
"1974","50KS","KMHK",128
"1975","50NE","KMHK",126
"1976","51CO","KMHK",521
"1977","51IL","KMHK",384
"1978","51IN","KMHK",458
"1979","51IS","KMHK",279
"1980","51K","KMHK",84
"1981","51KS","KMHK",39
"1982","51LL","KMHK",397
"1983","52CO","KMHK",373
"1984","52IL","KMHK",405
"1985","52IN","KMHK",426
"1986","52K","KMHK",31
"1987","52KS","KMHK",73
"1988","52MO","KMHK",315
"1989","53CO","KMHK",286
"1990","53II","KMHK",556
"1991","53IL","KMHK",383
"1992","53IN","KMHK",490
"1993","53K","KMHK",51
"1994","53KS","KMHK",72
"1995","53NE","KMHK",117
"1996","53V","KMHK",200
"1997","54II","KMHK",493
"1998","54IL","KMHK",381
"1999","54KS","KMHK",76
"2000","55IS","KMHK",413
"2001","55K","KMHK",114
"2002","55MO","KMHK",254
"2003","56IN","KMHK",552
"2004","56IS","KMHK",403
"2005","56K","KMHK",216
"2006","56M","KMHK",163
"2007","56NE","KMHK",150
"2008","57II","KMHK",471
"2009","57IS","KMHK",397
"2010","57K","KMHK",109
"2011","58II","KMHK",502
"2012","58KS","KMHK",50
"2013","58KY","KMHK",536
"2014","59CO","KMHK",357
"2015","59II","KMHK",424
"2016","59KS","KMHK",89
"2017","59KY","KMHK",528
"2018","59NE","KMHK",147
"2019","5CO0","KMHK",264
"2020","5CO1","KMHK",523
"2021","5CO3","KMHK",383
"2022","5CO4","KMHK",354
"2023","5CO5","KMHK",378
"2024","5CO6","KMHK",402
"2025","5CO7","KMHK",510
"2026","5CO8","KMHK",476
"2027","5I2","KMHK",475
"2028","5I4","KMHK",488
"2029","5I6","KMHK",489
"2030","5IA3","KMHK",177
"2031","5II1","KMHK",468
"2032","5II2","KMHK",491
"2033","5II5","KMHK",464
"2034","5II8","KMHK",496
"2035","5II9","KMHK",433
"2036","5IL2","KMHK",348
"2037","5IN3","KMHK",496
"2038","5IS3","KMHK",321
"2039","5IS4","KMHK",369
"2040","5IS5","KMHK",346
"2041","5IS7","KMHK",416
"2042","5IS9","KMHK",270
"2043","5K0","KMHK",230
"2044","5K1","KMHK",312
"2045","5K2","KMHK",242
"2046","5K3","KMHK",117
"2047","5K4","KMHK",288
"2048","5KS1","KMHK",68
"2049","5KS2","KMHK",233
"2050","5KS3","KMHK",128
"2051","5KS4","KMHK",248
"2052","5KS6","KMHK",216
"2053","5KS8","KMHK",221
"2054","5KS9","KMHK",222
"2055","5L7","KMHK",466
"2056","5LL0","KMHK",417
"2057","5LL1","KMHK",359
"2058","5LL2","KMHK",364
"2059","5LL3","KMHK",400
"2060","5LL5","KMHK",327
"2061","5LL6","KMHK",277
"2062","5LL8","KMHK",410
"2063","5M9","KMHK",419
"2064","5MO","KMHK",106
"2065","5MO1","KMHK",201
"2066","5MO6","KMHK",126
"2067","5MO9","KMHK",184
"2068","5NE2","KMHK",80
"2069","5NE6","KMHK",216
"2070","5NE9","KMHK",266
"2071","5OI5","KMHK",556
"2072","5V4","KMHK",356
"2073","5V6","KMHK",305
"2074","60CO","KMHK",374
"2075","60IN","KMHK",531
"2076","60IS","KMHK",410
"2077","60KS","KMHK",99
"2078","61IL","KMHK",309
"2079","61IN","KMHK",519
"2080","61IS","KMHK",398
"2081","61K","KMHK",122
"2082","61KS","KMHK",82
"2083","61KY","KMHK",559
"2084","61LL","KMHK",332
"2085","61MO","KMHK",214
"2086","61Y","KMHK",422
"2087","62CO","KMHK",364
"2088","62IN","KMHK",500
"2089","62IS","KMHK",410
"2090","62K","KMHK",50
"2091","62LL","KMHK",302
"2092","62MO","KMHK",115
"2093","62NE","KMHK",206
"2094","63II","KMHK",496
"2095","63IN","KMHK",485
"2096","63K","KMHK",98
"2097","63KS","KMHK",21
"2098","63M","KMHK",244
"2099","63NE","KMHK",163
"2100","64CO","KMHK",528
"2101","64I","KMHK",527
"2102","64IN","KMHK",516
"2103","64KY","KMHK",546
"2104","64MO","KMHK",83
"2105","64V","KMHK",231
"2106","65CO","KMHK",392
"2107","65IS","KMHK",371
"2108","66II","KMHK",504
"2109","66IN","KMHK",514
"2110","66KS","KMHK",124
"2111","66KY","KMHK",503
"2112","66MO","KMHK",268
"2113","67CO","KMHK",385
"2114","67II","KMHK",516
"2115","67KS","KMHK",201
"2116","67MO","KMHK",175
"2117","67NE","KMHK",144
"2118","68CO","KMHK",350
"2119","68IN","KMHK",460
"2120","68KS","KMHK",95
"2121","68NE","KMHK",111
"2122","69IS","KMHK",263
"2123","69K","KMHK",20
"2124","69KS","KMHK",95
"2125","69MO","KMHK",197
"2126","6CO0","KMHK",531
"2127","6CO1","KMHK",393
"2128","6CO2","KMHK",527
"2129","6CO3","KMHK",342
"2130","6CO4","KMHK",394
"2131","6CO6","KMHK",324
"2132","6I2","KMHK",546
"2133","6I4","KMHK",477
"2134","6IA7","KMHK",252
"2135","6II0","KMHK",487
"2136","6II2","KMHK",510
"2137","6II4","KMHK",446
"2138","6II7","KMHK",470
"2139","6II8","KMHK",441
"2140","6IL5","KMHK",370
"2141","6IN2","KMHK",513
"2142","6IN3","KMHK",464
"2143","6IN4","KMHK",511
"2144","6IN5","KMHK",508
"2145","6IN6","KMHK",475
"2146","6IN8","KMHK",529
"2147","6IS0","KMHK",400
"2148","6IS3","KMHK",352
"2149","6IS8","KMHK",410
"2150","6K1","KMHK",177
"2151","6K2","KMHK",218
"2152","6K9","KMHK",238
"2153","6KS1","KMHK",167
"2154","6KS2","KMHK",185
"2155","6KS3","KMHK",238
"2156","6KS4","KMHK",239
"2157","6KS5","KMHK",109
"2158","6KS7","KMHK",99
"2159","6KS8","KMHK",52
"2160","6LL0","KMHK",384
"2161","6LL1","KMHK",388
"2162","6LL4","KMHK",323
"2163","6LL5","KMHK",313
"2164","6LL6","KMHK",331
"2165","6LL8","KMHK",424
"2166","6M6","KMHK",239
"2167","6MO0","KMHK",274
"2168","6MO1","KMHK",89
"2169","6MO2","KMHK",320
"2170","6MO3","KMHK",240
"2171","6MO4","KMHK",151
"2172","6MO6","KMHK",247
"2173","6MO8","KMHK",215
"2174","6MO9","KMHK",106
"2175","6NE0","KMHK",230
"2176","6NE7","KMHK",182
"2177","6NE8","KMHK",234
"2178","6V6","KMHK",561
"2179","70II","KMHK",512
"2180","70IL","KMHK",331
"2181","70IN","KMHK",537
"2182","70K","KMHK",90
"2183","70KY","KMHK",510
"2184","70LL","KMHK",380
"2185","70MO","KMHK",166
"2186","71II","KMHK",492
"2187","71IN","KMHK",500
"2188","71IS","KMHK",408
"2189","71K","KMHK",96
"2190","71KS","KMHK",64
"2191","71KY","KMHK",551
"2192","71LL","KMHK",388
"2193","71MO","KMHK",154
"2194","71NE","KMHK",185
"2195","72CO","KMHK",277
"2196","72IN","KMHK",464
"2197","72K","KMHK",98
"2198","72KS","KMHK",84
"2199","72NE","KMHK",119
"2200","73CO","KMHK",525
"2201","73II","KMHK",536
"2202","73IN","KMHK",451
"2203","73IS","KMHK",319
"2204","73KS","KMHK",121
"2205","73MU","KMHK",220
"2206","73NE","KMHK",113
"2207","74CO","KMHK",354
"2208","74IN","KMHK",530
"2209","74KS","KMHK",100
"2210","74MU","KMHK",259
"2211","75II","KMHK",490
"2212","75K","KMHK",141
"2213","75KS","KMHK",184
"2214","75LL","KMHK",339
"2215","75U","KMHK",163
"2216","76CO","KMHK",362
"2217","76IN","KMHK",433
"2218","76KS","KMHK",205
"2219","76KY","KMHK",560
"2220","76MO","KMHK",191
"2221","77CO","KMHK",427
"2222","77IL","KMHK",347
"2223","77KS","KMHK",107
"2224","77Y","KMHK",93
"2225","78I","KMHK",465
"2226","78II","KMHK",515
"2227","78MO","KMHK",237
"2228","78MU","KMHK",161
"2229","78Y","KMHK",111
"2230","79II","KMHK",511
"2231","79IL","KMHK",424
"2232","79IS","KMHK",285
"2233","79MU","KMHK",99
"2234","7CO0","KMHK",392
"2235","7CO1","KMHK",408
"2236","7CO2","KMHK",524
"2237","7CO3","KMHK",373
"2238","7CO4","KMHK",347
"2239","7CO5","KMHK",357
"2240","7CO6","KMHK",359
"2241","7CO8","KMHK",381
"2242","7I2","KMHK",529
"2243","7I4","KMHK",480
"2244","7II0","KMHK",492
"2245","7II3","KMHK",425
"2246","7II9","KMHK",489
"2247","7IL3","KMHK",336
"2248","7IS2","KMHK",312
"2249","7IS3","KMHK",356
"2250","7IS7","KMHK",328
"2251","7IS9","KMHK",304
"2252","7K4","KMHK",474
"2253","7KS0","KMHK",64
"2254","7KS2","KMHK",59
"2255","7KS3","KMHK",134
"2256","7KS4","KMHK",64
"2257","7KS5","KMHK",102
"2258","7KS6","KMHK",94
"2259","7KS7","KMHK",193
"2260","7KS8","KMHK",186
"2261","7KS9","KMHK",87
"2262","7L7","KMHK",188
"2263","7L8","KMHK",496
"2264","7LL3","KMHK",398
"2265","7LL4","KMHK",371
"2266","7LL8","KMHK",344
"2267","7LL9","KMHK",342
"2268","7MO","KMHK",161
"2269","7MO1","KMHK",232
"2270","7MO2","KMHK",233
"2271","7MO4","KMHK",89
"2272","7MO5","KMHK",87
"2273","7MO6","KMHK",105
"2274","7MO7","KMHK",108
"2275","7MO8","KMHK",106
"2276","7MO9","KMHK",218
"2277","7NE0","KMHK",89
"2278","7NE5","KMHK",245
"2279","7NE6","KMHK",124
"2280","7V1","KMHK",442
"2281","7V2","KMHK",513
"2282","7V5","KMHK",327
"2283","7V7","KMHK",104
"2284","7V8","KMHK",282
"2285","7V9","KMHK",316
"2286","7W7","KMHK",473
"2287","80IS","KMHK",284
"2288","80KS","KMHK",220
"2289","80KY","KMHK",458
"2290","80LL","KMHK",354
"2291","80MO","KMHK",196
"2292","80NE","KMHK",88
"2293","81CO","KMHK",475
"2294","81IL","KMHK",347
"2295","81IN","KMHK",520
"2296","81NE","KMHK",128
"2297","82IL","KMHK",368
"2298","82IN","KMHK",507
"2299","82KY","KMHK",528
"2300","83IL","KMHK",364
"2301","83IN","KMHK",501
"2302","83IS","KMHK",356
"2303","83KS","KMHK",18
"2304","83LL","KMHK",324
"2305","84CO","KMHK",390
"2306","84KY","KMHK",530
"2307","84NE","KMHK",158
"2308","85IL","KMHK",375
"2309","85IN","KMHK",431
"2310","85IS","KMHK",300
"2311","85KY","KMHK",542
"2312","85MO","KMHK",218
"2313","85NE","KMHK",79
"2314","86CO","KMHK",398
"2315","86IL","KMHK",363
"2316","86KS","KMHK",90
"2317","86KY","KMHK",521
"2318","87CO","KMHK",362
"2319","87IS","KMHK",252
"2320","87K","KMHK",148
"2321","87KS","KMHK",88
"2322","87MO","KMHK",116
"2323","87NE","KMHK",109
"2324","88CO","KMHK",355
"2325","88IN","KMHK",500
"2326","88IS","KMHK",251
"2327","88NE","KMHK",82
"2328","89CO","KMHK",345
"2329","89IN","KMHK",479
"2330","89IS","KMHK",319
"2331","89K","KMHK",92
"2332","89MO","KMHK",104
"2333","8CO0","KMHK",346
"2334","8CO2","KMHK",360
"2335","8CO4","KMHK",349
"2336","8CO5","KMHK",525
"2337","8CO7","KMHK",398
"2338","8CO8","KMHK",287
"2339","8CO9","KMHK",369
"2340","8I1","KMHK",538
"2341","8I2","KMHK",448
"2342","8I3","KMHK",490
"2343","8II0","KMHK",541
"2344","8II1","KMHK",445
"2345","8II2","KMHK",550
"2346","8II3","KMHK",431
"2347","8II5","KMHK",548
"2348","8IS1","KMHK",311
"2349","8IS5","KMHK",413
"2350","8K0","KMHK",170
"2351","8K2","KMHK",129
"2352","8K5","KMHK",88
"2353","8K6","KMHK",85
"2354","8K7","KMHK",154
"2355","8K8","KMHK",190
"2356","8KS0","KMHK",239
"2357","8KS1","KMHK",79
"2358","8KS2","KMHK",75
"2359","8KS3","KMHK",70
"2360","8KS4","KMHK",126
"2361","8KS5","KMHK",128
"2362","8KS7","KMHK",98
"2363","8KS8","KMHK",21
"2364","8KS9","KMHK",72
"2365","8LL0","KMHK",333
"2366","8LL7","KMHK",330
"2367","8LL9","KMHK",332
"2368","8M7","KMHK",441
"2369","8M9","KMHK",434
"2370","8MO3","KMHK",128
"2371","8MO4","KMHK",278
"2372","8MO5","KMHK",114
"2373","8MO7","KMHK",80
"2374","8NE2","KMHK",118
"2375","8NE3","KMHK",251
"2376","8NE4","KMHK",105
"2377","8NE6","KMHK",120
"2378","8NE7","KMHK",122
"2379","8V1","KMHK",464
"2380","8V7","KMHK",298
"2381","8WC","KMHK",289
"2382","90IN","KMHK",477
"2383","90KS","KMHK",51
"2384","90KY","KMHK",524
"2385","91IN","KMHK",499
"2386","91IS","KMHK",335
"2387","91LS","KMHK",317
"2388","92CO","KMHK",423
"2389","92IS","KMHK",336
"2390","92KY","KMHK",528
"2391","93CO","KMHK",389
"2392","93IN","KMHK",509
"2393","93KY","KMHK",456
"2394","94IL","KMHK",348
"2395","94IS","KMHK",362
"2396","94KY","KMHK",452
"2397","95CO","KMHK",364
"2398","95IL","KMHK",403
"2399","95IN","KMHK",507
"2400","95MO","KMHK",234
"2401","96CO","KMHK",361
"2402","96IS","KMHK",412
"2403","96KY","KMHK",454
"2404","96LL","KMHK",427
"2405","97CO","KMHK",350
"2406","97KS","KMHK",92
"2407","97MO","KMHK",191
"2408","98KS","KMHK",207
"2409","98LL","KMHK",422
"2410","98MO","KMHK",269
"2411","98Y","KMHK",109
"2412","99CO","KMHK",387
"2413","99IL","KMHK",385
"2414","99IN","KMHK",494
"2415","99IS","KMHK",335
"2416","99KS","KMHK",140
"2417","99KY","KMHK",572
"2418","99V","KMHK",514
"2419","9CO2","KMHK",364
"2420","9CO5","KMHK",272
"2421","9CO7","KMHK",373
"2422","9CO9","KMHK",535
"2423","9I0","KMHK",315
"2424","9II1","KMHK",451
"2425","9II4","KMHK",501
"2426","9II8","KMHK",527
"2427","9IL0","KMHK",355
"2428","9IL2","KMHK",405
"2429","9IL3","KMHK",360
"2430","9IL4","KMHK",365
"2431","9IL6","KMHK",347
"2432","9IL9","KMHK",327
"2433","9IS0","KMHK",261
"2434","9IS9","KMHK",364
"2435","9K0","KMHK",47
"2436","9K1","KMHK",175
"2437","9K3","KMHK",90
"2438","9K4","KMHK",136
"2439","9K5","KMHK",168
"2440","9K6","KMHK",81
"2441","9K7","KMHK",77
"2442","9K8","KMHK",112
"2443","9K9","KMHK",25
"2444","9KS1","KMHK",79
"2445","9KS4","KMHK",84
"2446","9KS5","KMHK",75
"2447","9KS6","KMHK",184
"2448","9KS7","KMHK",77
"2449","9KS9","KMHK",49
"2450","9LL0","KMHK",256
"2451","9LL2","KMHK",340
"2452","9LL3","KMHK",403
"2453","9LL4","KMHK",379
"2454","9LL5","KMHK",337
"2455","9MO3","KMHK",91
"2456","9MO4","KMHK",97
"2457","9MO6","KMHK",182
"2458","9MO9","KMHK",161
"2459","9NE2","KMHK",84
"2460","9NE9","KMHK",76
"2461","9U4","KMHK",511
"2462","9V2","KMHK",211
"2463","9V7","KMHK",291
"2464","A50","KMHK",362
"2465","C08","KMHK",415
"2466","C10","KMHK",290
"2467","C15","KMHK",333
"2468","C16","KMHK",397
"2469","C34","KMHK",397
"2470","C40","KMHK",535
"2471","C45","KMHK",329
"2472","C66","KMHK",298
"2473","C75","KMHK",354
"2474","CD01","KMHK",422
"2475","CD02","KMHK",485
"2476","CD05","KMHK",286
"2477","CD09","KMHK",362
"2478","CD10","KMHK",474
"2479","CD13","KMHK",331
"2480","CD14","KMHK",363
"2481","CD17","KMHK",349
"2482","CD69","KMHK",472
"2483","CD82","KMHK",539
"2484","CO00","KMHK",298
"2485","CO02","KMHK",366
"2486","CO03","KMHK",477
"2487","CO06","KMHK",345
"2488","CO07","KMHK",411
"2489","CO09","KMHK",361
"2490","CO10","KMHK",400
"2491","CO11","KMHK",442
"2492","CO12","KMHK",376
"2493","CO13","KMHK",378
"2494","CO14","KMHK",380
"2495","CO15","KMHK",372
"2496","CO17","KMHK",351
"2497","CO18","KMHK",354
"2498","CO19","KMHK",421
"2499","CO20","KMHK",521
"2500","CO22","KMHK",388
"2501","CO25","KMHK",258
"2502","CO27","KMHK",575
"2503","CO38","KMHK",357
"2504","CO42","KMHK",367
"2505","CO47","KMHK",480
"2506","CO48","KMHK",378
"2507","CO49","KMHK",367
"2508","CO52","KMHK",402
"2509","CO53","KMHK",394
"2510","CO54","KMHK",372
"2511","CO55","KMHK",401
"2512","CO56","KMHK",365
"2513","CO58","KMHK",388
"2514","CO59","KMHK",374
"2515","CO60","KMHK",364
"2516","CO61","KMHK",410
"2517","CO65","KMHK",419
"2518","CO68","KMHK",536
"2519","CO70","KMHK",377
"2520","CO73","KMHK",268
"2521","CO76","KMHK",524
"2522","CO77","KMHK",371
"2523","CO80","KMHK",353
"2524","CO81","KMHK",284
"2525","CO82","KMHK",371
"2526","CO84","KMHK",275
"2527","CO86","KMHK",433
"2528","CO89","KMHK",532
"2529","CO90","KMHK",358
"2530","CO92","KMHK",326
"2531","CO93","KMHK",383
"2532","CO94","KMHK",312
"2533","CO95","KMHK",535
"2534","CO96","KMHK",376
"2535","CO97","KMHK",357
"2536","CO98","KMHK",390
"2537","D17","KMHK",537
"2538","H07","KMHK",330
"2539","H17","KMHK",191
"2540","H19","KMHK",254
"2541","H20","KMHK",164
"2542","H21","KMHK",200
"2543","H41","KMHK",226
"2544","H49","KMHK",305
"2545","H57","KMHK",297
"2546","H58","KMHK",220
"2547","H63","KMHK",131
"2548","H79","KMHK",198
"2549","H88","KMHK",315
"2550","H96","KMHK",370
"2551","HLB","KMHK",532
"2552","I05","KMHK",422
"2553","I21","KMHK",501
"2554","I22","KMHK",547
"2555","I34","KMHK",520
"2556","I38","KMHK",552
"2557","I42","KMHK",479
"2558","I48","KMHK",266
"2559","I53","KMHK",559
"2560","I61","KMHK",536
"2561","I63","KMHK",277
"2562","I67","KMHK",555
"2563","I72","KMHK",490
"2564","I75","KMHK",179
"2565","I76","KMHK",495
"2566","I80","KMHK",499
"2567","I83","KMHK",494
"2568","I91","KMHK",445
"2569","I93","KMHK",489
"2570","I99","KMHK",515
"2571","IA05","KMHK",203
"2572","IA07","KMHK",184
"2573","IA22","KMHK",266
"2574","IA26","KMHK",246
"2575","IA27","KMHK",218
"2576","IA36","KMHK",155
"2577","IA44","KMHK",154
"2578","IA59","KMHK",254
"2579","IA61","KMHK",247
"2580","IA65","KMHK",253
"2581","IA76","KMHK",181
"2582","IA77","KMHK",279
"2583","IG02","KMHK",457
"2584","IG03","KMHK",469
"2585","IG04","KMHK",538
"2586","IG05","KMHK",493
"2587","IG07","KMHK",543
"2588","II01","KMHK",535
"2589","II03","KMHK",538
"2590","II04","KMHK",441
"2591","II05","KMHK",502
"2592","II06","KMHK",522
"2593","II07","KMHK",458
"2594","II08","KMHK",436
"2595","II09","KMHK",468
"2596","II10","KMHK",493
"2597","II12","KMHK",487
"2598","II13","KMHK",447
"2599","II14","KMHK",523
"2600","II15","KMHK",488
"2601","II19","KMHK",465
"2602","II20","KMHK",534
"2603","II22","KMHK",463
"2604","II25","KMHK",461
"2605","II26","KMHK",447
"2606","II27","KMHK",501
"2607","II29","KMHK",462
"2608","II30","KMHK",433
"2609","II32","KMHK",442
"2610","II33","KMHK",425
"2611","II34","KMHK",445
"2612","II35","KMHK",474
"2613","II36","KMHK",505
"2614","II37","KMHK",507
"2615","II39","KMHK",435
"2616","II40","KMHK",438
"2617","II42","KMHK",501
"2618","II45","KMHK",452
"2619","II49","KMHK",464
"2620","II50","KMHK",466
"2621","II52","KMHK",473
"2622","II53","KMHK",524
"2623","II54","KMHK",525
"2624","II55","KMHK",483
"2625","II58","KMHK",534
"2626","II59","KMHK",433
"2627","II63","KMHK",419
"2628","II65","KMHK",452
"2629","II67","KMHK",528
"2630","II68","KMHK",453
"2631","II69","KMHK",511
"2632","II70","KMHK",496
"2633","II71","KMHK",515
"2634","II72","KMHK",535
"2635","II73","KMHK",552
"2636","II75","KMHK",527
"2637","II76","KMHK",493
"2638","II77","KMHK",532
"2639","II78","KMHK",516
"2640","II79","KMHK",472
"2641","II81","KMHK",446
"2642","II82","KMHK",470
"2643","II83","KMHK",477
"2644","II84","KMHK",425
"2645","II85","KMHK",546
"2646","II86","KMHK",503
"2647","II87","KMHK",482
"2648","II89","KMHK",427
"2649","II91","KMHK",474
"2650","II93","KMHK",487
"2651","II94","KMHK",503
"2652","II96","KMHK",458
"2653","II97","KMHK",502
"2654","II98","KMHK",432
"2655","IL01","KMHK",304
"2656","IL12","KMHK",291
"2657","IL15","KMHK",295
"2658","IL16","KMHK",369
"2659","IL17","KMHK",381
"2660","IL18","KMHK",307
"2661","IL24","KMHK",317
"2662","IL28","KMHK",296
"2663","IL31","KMHK",384
"2664","IL35","KMHK",328
"2665","IL39","KMHK",304
"2666","IL45","KMHK",407
"2667","IL46","KMHK",272
"2668","IL51","KMHK",400
"2669","IL52","KMHK",267
"2670","IL53","KMHK",271
"2671","IL54","KMHK",343
"2672","IL55","KMHK",392
"2673","IL56","KMHK",395
"2674","IL57","KMHK",362
"2675","IL60","KMHK",398
"2676","IL63","KMHK",381
"2677","IL64","KMHK",338
"2678","IL65","KMHK",296
"2679","IL72","KMHK",370
"2680","IL78","KMHK",425
"2681","IL80","KMHK",366
"2682","IL81","KMHK",412
"2683","IL82","KMHK",368
"2684","IL84","KMHK",271
"2685","IL85","KMHK",418
"2686","IL86","KMHK",292
"2687","IL91","KMHK",386
"2688","IL94","KMHK",350
"2689","IL97","KMHK",321
"2690","IN00","KMHK",452
"2691","IN01","KMHK",494
"2692","IN04","KMHK",441
"2693","IN05","KMHK",518
"2694","IN08","KMHK",442
"2695","IN09","KMHK",436
"2696","IN10","KMHK",485
"2697","IN12","KMHK",464
"2698","IN13","KMHK",505
"2699","IN14","KMHK",503
"2700","IN15","KMHK",432
"2701","IN16","KMHK",456
"2702","IN19","KMHK",498
"2703","IN20","KMHK",484
"2704","IN21","KMHK",532
"2705","IN23","KMHK",426
"2706","IN25","KMHK",471
"2707","IN27","KMHK",493
"2708","IN29","KMHK",450
"2709","IN30","KMHK",428
"2710","IN31","KMHK",509
"2711","IN32","KMHK",509
"2712","IN33","KMHK",496
"2713","IN34","KMHK",500
"2714","IN35","KMHK",500
"2715","IN36","KMHK",500
"2716","IN39","KMHK",460
"2717","IN40","KMHK",453
"2718","IN41","KMHK",542
"2719","IN43","KMHK",502
"2720","IN44","KMHK",498
"2721","IN45","KMHK",456
"2722","IN46","KMHK",441
"2723","IN47","KMHK",547
"2724","IN48","KMHK",511
"2725","IN49","KMHK",506
"2726","IN50","KMHK",508
"2727","IN51","KMHK",491
"2728","IN53","KMHK",459
"2729","IN55","KMHK",440
"2730","IN57","KMHK",431
"2731","IN58","KMHK",555
"2732","IN59","KMHK",441
"2733","IN60","KMHK",490
"2734","IN63","KMHK",529
"2735","IN64","KMHK",488
"2736","IN67","KMHK",511
"2737","IN68","KMHK",504
"2738","IN72","KMHK",536
"2739","IN76","KMHK",474
"2740","IN77","KMHK",441
"2741","IN80","KMHK",480
"2742","IN85","KMHK",525
"2743","IN88","KMHK",462
"2744","IN91","KMHK",549
"2745","IN92","KMHK",427
"2746","IN98","KMHK",504
"2747","IN99","KMHK",483
"2748","IS00","KMHK",356
"2749","IS01","KMHK",316
"2750","IS02","KMHK",421
"2751","IS05","KMHK",334
"2752","IS07","KMHK",376
"2753","IS08","KMHK",305
"2754","IS10","KMHK",372
"2755","IS13","KMHK",411
"2756","IS16","KMHK",365
"2757","IS26","KMHK",378
"2758","IS27","KMHK",403
"2759","IS33","KMHK",319
"2760","IS34","KMHK",424
"2761","IS36","KMHK",328
"2762","IS43","KMHK",401
"2763","IS45","KMHK",253
"2764","IS51","KMHK",265
"2765","IS52","KMHK",430
"2766","IS54","KMHK",351
"2767","IS55","KMHK",278
"2768","IS56","KMHK",274
"2769","IS60","KMHK",304
"2770","IS62","KMHK",348
"2771","IS64","KMHK",372
"2772","IS66","KMHK",267
"2773","IS68","KMHK",374
"2774","IS69","KMHK",290
"2775","IS70","KMHK",345
"2776","IS72","KMHK",404
"2777","IS77","KMHK",342
"2778","IS82","KMHK",303
"2779","IS84","KMHK",313
"2780","IS85","KMHK",288
"2781","IS86","KMHK",407
"2782","IS88","KMHK",420
"2783","IS91","KMHK",318
"2784","K01","KMHK",85
"2785","K02","KMHK",330
"2786","K06","KMHK",295
"2787","K07","KMHK",240
"2788","K08","KMHK",265
"2789","K15","KMHK",198
"2790","K17","KMHK",202
"2791","K19","KMHK",127
"2792","K26","KMHK",148
"2793","K32","KMHK",90
"2794","K33","KMHK",256
"2795","K34","KMHK",83
"2796","K38","KMHK",40
"2797","K39","KMHK",271
"2798","K43","KMHK",188
"2799","K47","KMHK",113
"2800","K50","KMHK",97
"2801","K51","KMHK",143
"2802","K52","KMHK",232
"2803","K57","KMHK",99
"2804","K58","KMHK",189
"2805","K59","KMHK",74
"2806","K61","KMHK",71
"2807","K63","KMHK",28
"2808","K64","KMHK",72
"2809","K65","KMHK",183
"2810","K67","KMHK",142
"2811","K68","KMHK",86
"2812","K71","KMHK",70
"2813","K72","KMHK",131
"2814","K75","KMHK",95
"2815","K78","KMHK",30
"2816","K79","KMHK",167
"2817","K81","KMHK",89
"2818","K82","KMHK",105
"2819","K83","KMHK",62
"2820","K87","KMHK",69
"2821","K88","KMHK",97
"2822","K89","KMHK",199
"2823","K91","KMHK",62
"2824","K94","KMHK",128
"2825","K96","KMHK",390
"2826","K97","KMHK",273
"2827","KAAA","KMHK",345
"2828","KAAO","KMHK",87
"2829","KAAS","KMHK",547
"2830","KADT","KMHK",207
"2831","KAFF","KMHK",381
"2832","KAFK","KMHK",95
"2833","KAID","KMHK",516
"2834","KAIZ","KMHK",204
"2835","KAJG","KMHK",420
"2836","KAKO","KMHK",310
"2837","KALN","KMHK",310
"2838","KALS","KMHK",446
"2839","KANY","KMHK",136
"2840","KAPA","KMHK",381
"2841","KASE","KMHK",476
"2842","KAUH","KMHK",122
"2843","KBAK","KMHK",502
"2844","KBEC","KMHK",90
"2845","KBFR","KMHK",478
"2846","KBIE","KMHK",70
"2847","KBJC","KMHK",395
"2848","KBKF","KMHK",377
"2849","KBLV","KMHK",322
"2850","KBMG","KMHK",469
"2851","KBMI","KMHK",367
"2852","KBRL","KMHK",274
"2853","KBRY","KMHK",532
"2854","KBUM","KMHK",121
"2855","KBZK","KMHK",170
"2856","KCAG","KMHK",508
"2857","KCBK","KMHK",205
"2858","KCEA","KMHK",94
"2859","KCEK","KMHK",89
"2860","KCEV","KMHK",537
"2861","KCEZ","KMHK",576
"2862","KCFJ","KMHK",455
"2863","KCGI","KMHK",355
"2864","KCHT","KMHK",152
"2865","KCMI","KMHK",393
"2866","KCNC","KMHK",190
"2867","KCNK","KMHK",52
"2868","KCNP","KMHK",291
"2869","KCNU","KMHK",104
"2870","KCOS","KMHK",376
"2871","KCOU","KMHK",209
"2872","KCPS","KMHK",307
"2873","KCRZ","KMHK",142
"2874","KCSB","KMHK",176
"2875","KCSQ","KMHK",155
"2876","KCTK","KMHK",316
"2877","KCUL","KMHK",407
"2878","KCYW","KMHK",27
"2879","KCZD","KMHK",185
"2880","KDCR","KMHK",554
"2881","KDCY","KMHK",447
"2882","KDDC","KMHK",176
"2883","KDEC","KMHK",365
"2884","KDEN","KMHK",374
"2885","KDMO","KMHK",166
"2886","KDNV","KMHK",425
"2887","KDRO","KMHK",538
"2888","KDTG","KMHK",397
"2889","KDVK","KMHK",569
"2890","KEAR","KMHK",144
"2891","KEEO","KMHK",523
"2892","KEGE","KMHK",477
"2893","KEGT","KMHK",114
"2894","KEHR","KMHK",431
"2895","KEKX","KMHK",514
"2896","KEMP","KMHK",53
"2897","KENL","KMHK",357
"2898","KEOK","KMHK",255
"2899","KEPG","KMHK",107
"2900","KEQA","KMHK",82
"2901","KEVU","KMHK",109
"2902","KEVV","KMHK",435
"2903","KEWK","KMHK",71
"2904","KEYE","KMHK",484
"2905","KEZZ","KMHK",117
"2906","KFAM","KMHK",306
"2907","KFBY","KMHK",67
"2908","KFCS","KMHK",380
"2909","KFES","KMHK",301
"2910","KFFL","KMHK",245
"2911","KFFT","KMHK",556
"2912","KFKR","KMHK",473
"2913","KFLV","KMHK",83
"2914","KFMZ","KMHK",96
"2915","KFNB","KMHK",75
"2916","KFNL","KMHK",393
"2917","KFOA","KMHK",386
"2918","KFOE","KMHK",48
"2919","KFRH","KMHK",472
"2920","KFRI","KMHK",7
"2921","KFSK","KMHK",120
"2922","KFSW","KMHK",263
"2923","KFTG","KMHK",368
"2924","KFTK","KMHK",509
"2925","KFTT","KMHK",219
"2926","KFWA","KMHK",540
"2927","KFWC","KMHK",390
"2928","KGBD","KMHK",113
"2929","KGBG","KMHK",307
"2930","KGCK","KMHK",204
"2931","KGEZ","KMHK",506
"2932","KGFD","KMHK",509
"2933","KGGF","KMHK",255
"2934","KGGP","KMHK",484
"2935","KGJT","KMHK",553
"2936","KGLD","KMHK",235
"2937","KGLY","KMHK",148
"2938","KGNB","KMHK",432
"2939","KGPH","KMHK",111
"2940","KGRE","KMHK",342
"2941","KGRI","KMHK",133
"2942","KGTE","KMHK",193
"2943","KGUC","KMHK",482
"2944","KGUS","KMHK",494
"2945","KGVW","KMHK",100
"2946","KGWS","KMHK",496
"2947","KGXY","KMHK",376
"2948","KHAE","KMHK",245
"2949","KHDE","KMHK",146
"2950","KHDN","KMHK",494
"2951","KHEQ","KMHK",273
"2952","KHFY","KMHK",493
"2953","KHHG","KMHK",527
"2954","KHIG","KMHK",140
"2955","KHJH","KMHK",74
"2956","KHLC","KMHK",148
"2957","KHNB","KMHK",459
"2958","KHQG","KMHK",252
"2959","KHRU","KMHK",28
"2960","KHSB","KMHK",391
"2961","KHSI","KMHK",120
"2962","KHUF","KMHK",436
"2963","KHUT","KMHK",85
"2964","KHYS","KMHK",123
"2965","KIAB","KMHK",95
"2966","KICL","KMHK",121
"2967","KICT","KMHK",96
"2968","KIDP","KMHK",126
"2969","KIJX","KMHK",301
"2970","KIKK","KMHK",422
"2971","KIML","KMHK",243
"2972","KIMS","KMHK",525
"2973","KIND","KMHK",483
"2974","KIRK","KMHK",200
"2975","KITR","KMHK",262
"2976","KIWH","KMHK",511
"2977","KIXD","KMHK",85
"2978","KJEF","KMHK",214
"2979","KJLN","KMHK",157
"2980","KJVY","KMHK",515
"2981","KJYR","KMHK",114
"2982","KLAA","KMHK",290
"2983","KLAF","KMHK",456
"2984","KLBF","KMHK",220
"2985","KLBO","KMHK",210
"2986","KLHX","KMHK",328
"2987","KLIC","KMHK",326
"2988","KLLU","KMHK",149
"2989","KLNK","KMHK",103
"2990","KLOU","KMHK",520
"2991","KLQR","KMHK",127
"2992","KLWC","KMHK",68
"2993","KLWD","KMHK",156
"2994","KLWV","KMHK",425
"2995","KLXN","KMHK",174
"2996","KLXT","KMHK",108
"2997","KLXV","KMHK",450
"2998","KLYO","KMHK",87
"2999","KMBY","KMHK",199
"3000","KMCI","KMHK",92
"3001","KMCK","KMHK",193
"3002","KMCX","KMHK",466
"3003","KMDH","KMHK",359
"3004","KMEJ","KMHK",207
"3005","KMHK","KMHL",162
"3006","KMHK","KMIE",526
"3007","KMHK","KMKC",97
"3008","KMHK","KMPR",67
"3009","KMHK","KMPZ",261
"3010","KMHK","KMQB",290
"3011","KMHK","KMQJ",502
"3012","KMHK","KMTJ",527
"3013","KMHK","KMTO",391
"3014","KMHK","KMVI",453
"3015","KMHK","KMVN",370
"3016","KMHK","KMWA",370
"3017","KMHK","KMYZ",43
"3018","KMHK","KMZZ",514
"3019","KMHK","KNRN",156
"3020","KMHK","KNVD",136
"3021","KMHK","KOEA",428
"3022","KMHK","KOEL",194
"3023","KMHK","KOFF",124
"3024","KMHK","KOGA",263
"3025","KMHK","KOIN",184
"3026","KMHK","KOJC",92
"3027","KMHK","KOKK",497
"3028","KMHK","KOLY",398
"3029","KMHK","KOTM",227
"3030","KMHK","KOVO",517
"3031","KMHK","KOWB",456
"3032","KMHK","KOWI",76
"3033","KMHK","KOXD",553
"3034","KMHK","KPHG",128
"3035","KMHK","KPIA",335
"3036","KMHK","KPJY",351
"3037","KMHK","KPLD",545
"3038","KMHK","KPMV",114
"3039","KMHK","KPNT",386
"3040","KMHK","KPPF",122
"3041","KMHK","KPPQ",276
"3042","KMHK","KPRG",420
"3043","KMHK","KPTS",137
"3044","KMHK","KPTT",130
"3045","KMHK","KPUB",371
"3046","KMHK","KRCR",496
"3047","KMHK","KRDK",130
"3048","KMHK","KRID",551
"3049","KMHK","KRIL",515
"3050","KMHK","KRPB",61
"3051","KMHK","KRSL",101
"3052","KMHK","KRSV",421
"3053","KMHK","KRWN",477
"3054","KMHK","KRZL",450
"3055","KMHK","KSAR",333
"3056","KMHK","KSBS",478
"3057","KMHK","KSDA",113
"3058","KMHK","KSDF",517
"3059","KMHK","KSER",503
"3060","KMHK","KSET",292
"3061","KMHK","KSGF",192
"3062","KMHK","KSIV",430
"3063","KMHK","KSLN",50
"3064","KMHK","KSLO",362
"3065","KMHK","KSNY",313
"3066","KMHK","KSPI",327
"3067","KMHK","KSTJ",90
"3068","KMHK","KSTK",317
"3069","KMHK","KSTL",296
"3070","KMHK","KSUS",283
"3071","KMHK","KSWT",105
"3072","KMHK","KSYF",241
"3073","KMHK","KSZL",148
"3074","KMHK","KTAD",380
"3075","KMHK","KTAZ",343
"3076","KMHK","KTBN",229
"3077","KMHK","KTEL",474
"3078","KMHK","KTEX",533
"3079","KMHK","KTIP",401
"3080","KMHK","KTKO",82
"3081","KMHK","KTOP",49
"3082","KMHK","KTQK",202
"3083","KMHK","KTRX",154
"3084","KMHK","KTVK",197
"3085","KMHK","KTYQ",486
"3086","KMHK","KUBX",255
"3087","KMHK","KUIN",259
"3088","KMHK","KUKL",67
"3089","KMHK","KULS",240
"3090","KMHK","KUMP",495
"3091","KMHK","KUUV",264
"3092","KMHK","KUWL",528
"3093","KMHK","KVER",187
"3094","KMHK","KVIH",238
"3095","KMHK","KVLA",351
"3096","KMHK","KWLD",119
"3097","KMHK","LL13",399
"3098","KMHK","LL18",309
"3099","KMHK","LL20",298
"3100","KMHK","LL23",290
"3101","KMHK","LL26",323
"3102","KMHK","LL32",405
"3103","KMHK","LL34",345
"3104","KMHK","LL45",320
"3105","KMHK","LL46",406
"3106","KMHK","LL49",299
"3107","KMHK","LL56",387
"3108","KMHK","LL72",402
"3109","KMHK","LL98",365
"3110","KMHK","M17",182
"3111","KMHK","M20",503
"3112","KMHK","M21",464
"3113","KMHK","M30",393
"3114","KMHK","M48",247
"3115","KMHK","M66",54
"3116","KMHK","M71",267
"3117","KMHK","MO01",203
"3118","KMHK","MO02",246
"3119","KMHK","MO03",289
"3120","KMHK","MO04",227
"3121","KMHK","MO07",252
"3122","KMHK","MO08",159
"3123","KMHK","MO09",229
"3124","KMHK","MO1",215
"3125","KMHK","MO10",206
"3126","KMHK","MO11",238
"3127","KMHK","MO13",198
"3128","KMHK","MO14",244
"3129","KMHK","MO15",205
"3130","KMHK","MO16",168
"3131","KMHK","MO17",93
"3132","KMHK","MO18",114
"3133","KMHK","MO2",204
"3134","KMHK","MO23",196
"3135","KMHK","MO24",84
"3136","KMHK","MO25",130
"3137","KMHK","MO26",109
"3138","KMHK","MO27",121
"3139","KMHK","MO29",112
"3140","KMHK","MO3",161
"3141","KMHK","MO34",178
"3142","KMHK","MO35",268
"3143","KMHK","MO36",269
"3144","KMHK","MO37",110
"3145","KMHK","MO39",263
"3146","KMHK","MO42",225
"3147","KMHK","MO43",245
"3148","KMHK","MO45",239
"3149","KMHK","MO46",257
"3150","KMHK","MO51",87
"3151","KMHK","MO52",173
"3152","KMHK","MO53",143
"3153","KMHK","MO59",270
"3154","KMHK","MO6",268
"3155","KMHK","MO60",108
"3156","KMHK","MO62",127
"3157","KMHK","MO66",209
"3158","KMHK","MO68",198
"3159","KMHK","MO71",107
"3160","KMHK","MO74",211
"3161","KMHK","MO75",133
"3162","KMHK","MO76",96
"3163","KMHK","MO78",235
"3164","KMHK","MO79",294
"3165","KMHK","MO8",174
"3166","KMHK","MO80",237
"3167","KMHK","MO81",299
"3168","KMHK","MO82",227
"3169","KMHK","MO83",185
"3170","KMHK","MO84",275
"3171","KMHK","MO85",214
"3172","KMHK","MO86",251
"3173","KMHK","MO87",118
"3174","KMHK","MO88",218
"3175","KMHK","MO89",188
"3176","KMHK","MO93",195
"3177","KMHK","MO94",100
"3178","KMHK","MO95",141
"3179","KMHK","MO96",289
"3180","KMHK","MO98",101
"3181","KMHK","MO99",180
"3182","KMHK","MU00",221
"3183","KMHK","MU02",261
"3184","KMHK","MU03",123
"3185","KMHK","MU07",119
"3186","KMHK","MU09",110
"3187","KMHK","MU11",180
"3188","KMHK","MU16",143
"3189","KMHK","MU17",212
"3190","KMHK","MU18",259
"3191","KMHK","MU19",181
"3192","KMHK","MU20",127
"3193","KMHK","MU21",244
"3194","KMHK","MU23",200
"3195","KMHK","MU25",245
"3196","KMHK","MU27",164
"3197","KMHK","MU32",198
"3198","KMHK","MU33",209
"3199","KMHK","MU34",272
"3200","KMHK","MU35",110
"3201","KMHK","MU38",175
"3202","KMHK","MU40",218
"3203","KMHK","MU42",276
"3204","KMHK","MU55",132
"3205","KMHK","MU62",103
"3206","KMHK","MU63",199
"3207","KMHK","MU65",304
"3208","KMHK","MU68",242
"3209","KMHK","MU69",162
"3210","KMHK","MU71",85
"3211","KMHK","MU84",115
"3212","KMHK","MU85",119
"3213","KMHK","MU86",245
"3214","KMHK","MU89",264
"3215","KMHK","MU97",90
"3216","KMHK","NE01",100
"3217","KMHK","NE04",96
"3218","KMHK","NE08",259
"3219","KMHK","NE15",115
"3220","KMHK","NE18",108
"3221","KMHK","NE20",66
"3222","KMHK","NE24",114
"3223","KMHK","NE29",136
"3224","KMHK","NE30",153
"3225","KMHK","NE33",94
"3226","KMHK","NE34",311
"3227","KMHK","NE35",68
"3228","KMHK","NE38",128
"3229","KMHK","NE39",108
"3230","KMHK","NE40",95
"3231","KMHK","NE42",107
"3232","KMHK","NE45",93
"3233","KMHK","NE48",131
"3234","KMHK","NE49",117
"3235","KMHK","NE51",91
"3236","KMHK","NE52",71
"3237","KMHK","NE53",87
"3238","KMHK","NE57",58
"3239","KMHK","NE59",102
"3240","KMHK","NE64",118
"3241","KMHK","NE65",99
"3242","KMHK","NE73",240
"3243","KMHK","NE77",115
"3244","KMHK","NE79",91
"3245","KMHK","NE80",92
"3246","KMHK","NE82",112
"3247","KMHK","NE86",107
"3248","KMHK","NE87",86
"3249","KMHK","NE88",113
"3250","KMHK","NE92",54
"3251","KMHK","OA6",114
"3252","KMHK","OH68",556
"3253","KMHK","OI26",557
"3254","KMHK","OI30",559
"3255","KMHK","OI84",553
"3256","KMHK","OMU9",173
"3257","KMHK","OTN",429
"3258","KMHK","Q39",490
"3259","KMHK","SN00",45
"3260","KMHK","SN02",250
"3261","KMHK","SN03",158
"3262","KMHK","SN04",45
"3263","KMHK","SN05",77
"3264","KMHK","SN07",89
"3265","KMHK","SN08",83
"3266","KMHK","SN09",47
"3267","KMHK","SN10",108
"3268","KMHK","SN12",209
"3269","KMHK","SN13",103
"3270","KMHK","SN14",69
"3271","KMHK","SN16",82
"3272","KMHK","SN18",90
"3273","KMHK","SN19",93
"3274","KMHK","SN20",87
"3275","KMHK","SN21",67
"3276","KMHK","SN22",80
"3277","KMHK","SN23",104
"3278","KMHK","SN24",66
"3279","KMHK","SN25",253
"3280","KMHK","SN26",97
"3281","KMHK","SN27",81
"3282","KMHK","SN28",61
"3283","KMHK","SN29",146
"3284","KMHK","SN32",107
"3285","KMHK","SN33",27
"3286","KMHK","SN34",102
"3287","KMHK","SN36",112
"3288","KMHK","SN37",45
"3289","KMHK","SN39",46
"3290","KMHK","SN40",100
"3291","KMHK","SN41",131
"3292","KMHK","SN42",77
"3293","KMHK","SN43",60
"3294","KMHK","SN44",116
"3295","KMHK","SN45",68
"3296","KMHK","SN46",78
"3297","KMHK","SN47",35
"3298","KMHK","SN48",131
"3299","KMHK","SN49",69
"3300","KMHK","SN51",177
"3301","KMHK","SN52",101
"3302","KMHK","SN53",108
"3303","KMHK","SN55",211
"3304","KMHK","SN57",69
"3305","KMHK","SN58",76
"3306","KMHK","SN59",84
"3307","KMHK","SN61",100
"3308","KMHK","SN62",86
"3309","KMHK","SN63",147
"3310","KMHK","SN64",96
"3311","KMHK","SN65",103
"3312","KMHK","SN66",178
"3313","KMHK","SN67",108
"3314","KMHK","SN68",81
"3315","KMHK","SN69",120
"3316","KMHK","SN70",128
"3317","KMHK","SN71",126
"3318","KMHK","SN72",77
"3319","KMHK","SN75",76
"3320","KMHK","SN76",93
"3321","KMHK","SN77",262
"3322","KMHK","SN78",95
"3323","KMHK","SN81",84
"3324","KMHK","SN83",80
"3325","KMHK","SN84",79
"3326","KMHK","SN85",77
"3327","KMHK","SN86",224
"3328","KMHK","SN87",230
"3329","KMHK","SN88",98
"3330","KMHK","SN89",98
"3331","KMHK","SN90",69
"3332","KMHK","SN91",67
"3333","KMHK","SN92",12
"3334","KMHK","SN93",44
"3335","KMHK","SN94",187
"3336","KMHK","SN95",107
"3337","KMHK","SN96",192
"3338","KMHK","SN97",240
"3339","KMHK","SN98",227
"3340","KMHK","SN99",16
"3341","KMHK","WY19",366
"3342","KMHK","Y46",127
"3343","0E1","C08",125
"3344","00V","C08",68
"3345","01V","C08",109
"3346","02CO","C08",39
"3347","04V","C08",38
"3348","05V","C08",37
"3349","07V","C08",34
"3350","09CO","C08",82
"3351","0CO2","C08",89
"3352","0CO3","C08",119
"3353","0CO5","C08",137
"3354","0CO9","C08",38
"3355","0V2","C08",45
"3356","14CO","C08",23
"3357","1CO7","C08",44
"3358","1CO8","C08",97
"3359","1V6","C08",28
"3360","1V8","C08",34
"3361","22CO","C08",76
"3362","23CO","C08",82
"3363","24N","C08",101
"3364","27CO","C08",92
"3365","2CO1","C08",76
"3366","2CO2","C08",47
"3367","2CO5","C08",40
"3368","2CO9","C08",80
"3369","2V1","C08",91
"3370","2V8","C08",79
"3371","32CO","C08",30
"3372","33CO","C08",57
"3373","34CO","C08",107
"3374","35CO","C08",85
"3375","36CO","C08",76
"3376","3CO4","C08",59
"3377","3CO7","C08",88
"3378","43CO","C08",88
"3379","46CO","C08",45
"3380","48V","C08",121
"3381","4CO0","C08",118
"3382","4CO7","C08",79
"3383","4CO8","C08",82
"3384","4V1","C08",34
"3385","50NM","C08",115
"3386","52CO","C08",74
"3387","59CO","C08",120
"3388","5CO3","C08",117
"3389","5CO4","C08",114
"3390","5CO5","C08",55
"3391","5CO6","C08",92
"3392","5V4","C08",80
"3393","60CO","C08",122
"3394","68CO","C08",125
"3395","6CO3","C08",85
"3396","6CO6","C08",91
"3397","76CO","C08",118
"3398","77CO","C08",87
"3399","7CO1","C08",45
"3400","7CO8","C08",37
"3401","7V1","C08",60
"3402","87CO","C08",110
"3403","88CO","C08",75
"3404","8CO4","C08",115
"3405","8CO9","C08",88
"3406","8V1","C08",50
"3407","92CO","C08",20
"3408","95CO","C08",79
"3409","96CO","C08",120
"3410","97CO","C08",79
"3411","98NM","C08",120
"3412","99CO","C08",27
"3413","9CO2","C08",109
"3414","A50","C08",69
"3415","C08","CD01",26
"3416","C08","CD09",117
"3417","C08","CD10",60
"3418","C08","CD13",134
"3419","C08","CD14",117
"3420","C08","CD17",128
"3421","C08","CD69",57
"3422","C08","CO02",105
"3423","C08","CO03",104
"3424","C08","CO07",111
"3425","C08","CO09",54
"3426","C08","CO10",119
"3427","C08","CO11",40
"3428","C08","CO12",122
"3429","C08","CO13",121
"3430","C08","CO14",117
"3431","C08","CO15",80
"3432","C08","CO17",116
"3433","C08","CO18",102
"3434","C08","CO19",26
"3435","C08","CO22",28
"3436","C08","CO38",115
"3437","C08","CO42",88
"3438","C08","CO47",121
"3439","C08","CO49",79
"3440","C08","CO52",94
"3441","C08","CO54",68
"3442","C08","CO56",125
"3443","C08","CO61",13
"3444","C08","CO65",5
"3445","C08","CO77",123
"3446","C08","CO80",63
"3447","C08","CO90",67
"3448","C08","CO92",127
"3449","C08","CO93",78
"3450","C08","CO96",87
"3451","C08","CO97",114
"3452","C08","CO98",94
"3453","C08","E32",131
"3454","C08","KAFF",63
"3455","C08","KALS",42
"3456","C08","KAPA",97
"3457","C08","KASE",101
"3458","C08","KAXX",95
"3459","C08","KBJC",114
"3460","C08","KBKF",105
"3461","C08","KCOS",57
"3462","C08","KDEN",116
"3463","C08","KEGE",122
"3464","C08","KFCS",49
"3465","C08","KFTG",113
"3466","C08","KGUC",80
"3467","C08","KGWS",128
"3468","C08","KLHX",88
"3469","C08","KLIC",110
"3470","C08","KLXV",85
"3471","C08","KMVI",43
"3472","C08","KPUB",45
"3473","C08","KRTN",87
"3474","C08","KSKX",94
"3475","C08","KTAD",67
"3476","C08","N24",73
"3477","C08","NM01",101
"3478","C08","NM15",138
"3479","C08","NM16",89
"3480","C08","NM24",86
"3481","C08","NM48",94
"3482","C08","NM67",82
"3483","C08","Q14",123
"3484","C08","Q39",75
"3485","C08","Q42",107
"3486","MMLC","MMMM",131
"3487","MMGL","MMMM",135
"3488","MMMM","MMZP",148
"3489","MM1I","MMMM",185
"3490","MMAA","MMMM",199
"3491","MMHC","MMMM",220
"3492","MMIO","MMMM",341
"3493","MM2H","MMMM",512
"3494","74TA","MMMM",517
"3495","MMMM","MMSD",525
